EndoBench_index,image_path,EndoBench_task,EndoBench_orig_Q,EndoBench_orig_A (gt),Kvasir_Q (current),Kvasir_A (current)
1592,image_1592.jpg,Lesion Type Identification,"Analyze this endoscopic image for any pathological findings. Should any be identified, what classifications do they fall under?",Barrett's esophagus,Does this image contain any finding?,Yes
1592,image_1592.jpg,Lesion Type Identification,"Analyze this endoscopic image for any pathological findings. Should any be identified, what classifications do they fall under?",Barrett's esophagus,Are there any abnormalities in the image? Check all that are present.,Barretts
1593,image_1593.jpg,Lesion Type Identification,"Examine the provided endoscopic image and indicate whether any pathological findings are present. If so, please specify the nature of the abnormalities observed.",Barrett's esophagus,Does this image contain any finding?,Yes
1593,image_1593.jpg,Lesion Type Identification,"Examine the provided endoscopic image and indicate whether any pathological findings are present. If so, please specify the nature of the abnormalities observed.",Barrett's esophagus,Are there any abnormalities in the image? Check all that are present.,Barretts
1594,image_1594.jpg,Lesion Type Identification,"Does this image reveal any pathological findings, and if so, what specific type of anomaly could it indicate?",Barrett's esophagus,Does this image contain any finding?,Yes
1594,image_1594.jpg,Lesion Type Identification,"Does this image reveal any pathological findings, and if so, what specific type of anomaly could it indicate?",Barrett's esophagus,Are there any abnormalities in the image? Check all that are present.,Barretts
1595,image_1595.jpg,Lesion Type Identification,"Could you analyze this endoscopic image and determine whether any pathological findings are present? If abnormalities are identified, what specific type might they be?",Barrett's esophagus,Does this image contain any finding?,Yes
1595,image_1595.jpg,Lesion Type Identification,"Could you analyze this endoscopic image and determine whether any pathological findings are present? If abnormalities are identified, what specific type might they be?",Barrett's esophagus,Are there any abnormalities in the image? Check all that are present.,Barretts
1596,image_1596.jpg,Lesion Type Identification,"Examine the provided endoscopic image and indicate whether any pathological findings are present. If abnormalities are identified, please specify their nature.",Barrett's esophagus,Does this image contain any finding?,Yes
1596,image_1596.jpg,Lesion Type Identification,"Examine the provided endoscopic image and indicate whether any pathological findings are present. If abnormalities are identified, please specify their nature.",Barrett's esophagus,Are there any abnormalities in the image? Check all that are present.,Barretts
1597,image_1597.jpg,Lesion Type Identification,"Does this image reveal any pathological findings? If it does, please characterize the nature of the identified abnormality.",Barrett's esophagus,Does this image contain any finding?,Yes
1597,image_1597.jpg,Lesion Type Identification,"Does this image reveal any pathological findings? If it does, please characterize the nature of the identified abnormality.",Barrett's esophagus,Are there any abnormalities in the image? Check all that are present.,Barretts
1598,image_1598.jpg,Lesion Type Identification,"Examine the provided endoscopic image and indicate whether any pathological findings are present. If so, please specify the nature of the abnormalities observed.",Barrett's esophagus,Does this image contain any finding?,Yes
1598,image_1598.jpg,Lesion Type Identification,"Examine the provided endoscopic image and indicate whether any pathological findings are present. If so, please specify the nature of the abnormalities observed.",Barrett's esophagus,Are there any abnormalities in the image? Check all that are present.,Barretts
1599,image_1599.jpg,Lesion Type Identification,"Examine the provided endoscopic image and indicate whether any pathological findings are present. If abnormalities are identified, please specify their nature.",Barrett's esophagus,Does this image contain any finding?,Yes
1599,image_1599.jpg,Lesion Type Identification,"Examine the provided endoscopic image and indicate whether any pathological findings are present. If abnormalities are identified, please specify their nature.",Barrett's esophagus,Are there any abnormalities in the image? Check all that are present.,Barretts
1600,image_1600.jpg,Lesion Type Identification,"Examine the provided endoscopic image and indicate whether any pathological findings are present. If abnormalities are identified, please specify their nature.",Barrett's esophagus,Does this image contain any finding?,Yes
1600,image_1600.jpg,Lesion Type Identification,"Examine the provided endoscopic image and indicate whether any pathological findings are present. If abnormalities are identified, please specify their nature.",Barrett's esophagus,Are there any abnormalities in the image? Check all that are present.,Barretts
1601,image_1601.jpg,Lesion Type Identification,"Examine the provided endoscopic image and indicate whether any pathological findings are present. If so, please specify the nature of these findings.",Barrett's esophagus,Does this image contain any finding?,Yes
1601,image_1601.jpg,Lesion Type Identification,"Examine the provided endoscopic image and indicate whether any pathological findings are present. If so, please specify the nature of these findings.",Barrett's esophagus,Are there any abnormalities in the image? Check all that are present.,Barretts
1602,image_1602.jpg,Lesion Type Identification,"Examine this endoscopic image for any potential irregularities. If any are identified, what specific type of abnormality could be present?",Barrett's esophagus,Does this image contain any finding?,Yes
1602,image_1602.jpg,Lesion Type Identification,"Examine this endoscopic image for any potential irregularities. If any are identified, what specific type of abnormality could be present?",Barrett's esophagus,Are there any abnormalities in the image? Check all that are present.,Barretts
1603,image_1603.jpg,Lesion Type Identification,"Can you identify any pathological findings in this image? If present, please characterize the nature of the abnormality.",Barrett's esophagus,Does this image contain any finding?,Yes
1603,image_1603.jpg,Lesion Type Identification,"Can you identify any pathological findings in this image? If present, please characterize the nature of the abnormality.",Barrett's esophagus,Are there any abnormalities in the image? Check all that are present.,Barretts
1604,image_1604.jpg,Lesion Type Identification,What specific pathological finding can be discerned from the provided endoscopic image?,Barrett's esophagus,Does this image contain any finding?,Yes
1604,image_1604.jpg,Lesion Type Identification,What specific pathological finding can be discerned from the provided endoscopic image?,Barrett's esophagus,Are there any abnormalities in the image? Check all that are present.,Barretts
1605,image_1605.jpg,Lesion Type Identification,"Examine the provided endoscopic image and indicate whether any pathological findings are present. If abnormalities are detected, please identify their specific nature.",Barrett's esophagus,Does this image contain any finding?,Yes
1605,image_1605.jpg,Lesion Type Identification,"Examine the provided endoscopic image and indicate whether any pathological findings are present. If abnormalities are detected, please identify their specific nature.",Barrett's esophagus,Are there any abnormalities in the image? Check all that are present.,Barretts
1606,image_1606.jpg,Lesion Type Identification,"Can you identify any pathological findings in this image? If present, please characterize the nature of the abnormality.",Barrett's esophagus,Does this image contain any finding?,Yes
1606,image_1606.jpg,Lesion Type Identification,"Can you identify any pathological findings in this image? If present, please characterize the nature of the abnormality.",Barrett's esophagus,Are there any abnormalities in the image? Check all that are present.,Barretts
1607,image_1607.jpg,Lesion Type Identification,"Examine the provided endoscopic image and indicate whether any pathological findings are present. If abnormalities are identified, please specify their nature.",Barrett's esophagus,Does this image contain any finding?,Yes
1607,image_1607.jpg,Lesion Type Identification,"Examine the provided endoscopic image and indicate whether any pathological findings are present. If abnormalities are identified, please specify their nature.",Barrett's esophagus,Are there any abnormalities in the image? Check all that are present.,Barretts
1608,image_1608.jpg,Lesion Type Identification,"Analyze this endoscopic image for any pathological findings. Should abnormalities be present, what classifications do they fall under?",Barrett's esophagus,Does this image contain any finding?,Yes
1608,image_1608.jpg,Lesion Type Identification,"Analyze this endoscopic image for any pathological findings. Should abnormalities be present, what classifications do they fall under?",Barrett's esophagus,Are there any abnormalities in the image? Check all that are present.,Barretts
1609,image_1609.jpg,Lesion Type Identification,"Examine the provided endoscopic image and indicate whether any pathological findings are present. If so, please specify the nature of these findings.",Barrett's esophagus,Does this image contain any finding?,Yes
1609,image_1609.jpg,Lesion Type Identification,"Examine the provided endoscopic image and indicate whether any pathological findings are present. If so, please specify the nature of these findings.",Barrett's esophagus,Are there any abnormalities in the image? Check all that are present.,Barretts
1610,image_1610.jpg,Lesion Type Identification,"Analyze this endoscopic image for any pathological findings. Should any be identified, what classifications do they fall under?",Barrett's esophagus,Does this image contain any finding?,Yes
1610,image_1610.jpg,Lesion Type Identification,"Analyze this endoscopic image for any pathological findings. Should any be identified, what classifications do they fall under?",Barrett's esophagus,Are there any abnormalities in the image? Check all that are present.,Barretts
1611,image_1611.jpg,Lesion Type Identification,"Does this image reveal any pathological findings, and if so, what specific type of anomaly could it indicate?",Barrett's esophagus,Does this image contain any finding?,Yes
1611,image_1611.jpg,Lesion Type Identification,"Does this image reveal any pathological findings, and if so, what specific type of anomaly could it indicate?",Barrett's esophagus,Are there any abnormalities in the image? Check all that are present.,Barretts
1612,image_1612.jpg,Lesion Type Identification,"Examine the provided endoscopic image and indicate whether any pathological findings are present. If so, please specify the nature of the abnormalities observed.",esophagitis,Does this image contain any finding?,Yes
1612,image_1612.jpg,Lesion Type Identification,"Examine the provided endoscopic image and indicate whether any pathological findings are present. If so, please specify the nature of the abnormalities observed.",esophagitis,Are there any abnormalities in the image? Check all that are present.,Oesophagitis
1613,image_1613.jpg,Lesion Type Identification,"Please analyze the provided endoscopic image and determine whether any pathological findings are present. If abnormalities are identified, could you specify their nature?",esophagitis,Does this image contain any finding?,Yes
1613,image_1613.jpg,Lesion Type Identification,"Please analyze the provided endoscopic image and determine whether any pathological findings are present. If abnormalities are identified, could you specify their nature?",esophagitis,Are there any abnormalities in the image? Check all that are present.,Oesophagitis
1614,image_1614.jpg,Lesion Type Identification,What specific pathological finding can be discerned from the provided endoscopic image?,esophagitis,Does this image contain any finding?,Yes
1614,image_1614.jpg,Lesion Type Identification,What specific pathological finding can be discerned from the provided endoscopic image?,esophagitis,Are there any abnormalities in the image? Check all that are present.,Oesophagitis
1615,image_1615.jpg,Lesion Type Identification,"Does this endoscopic visualization reveal any pathological findings? If so, could you identify the specific type?",esophagitis,Does this image contain any finding?,Yes
1615,image_1615.jpg,Lesion Type Identification,"Does this endoscopic visualization reveal any pathological findings? If so, could you identify the specific type?",esophagitis,Are there any abnormalities in the image? Check all that are present.,Oesophagitis
1616,image_1616.jpg,Lesion Type Identification,"Does this endoscopic visualization reveal any pathological findings? If so, could you identify the specific nature of the anomaly?",esophagitis,Does this image contain any finding?,Yes
1616,image_1616.jpg,Lesion Type Identification,"Does this endoscopic visualization reveal any pathological findings? If so, could you identify the specific nature of the anomaly?",esophagitis,Are there any abnormalities in the image? Check all that are present.,Oesophagitis
1617,image_1617.jpg,Lesion Type Identification,What specific pathological finding can be discerned from the provided endoscopic image?,esophagitis,Does this image contain any finding?,Yes
1617,image_1617.jpg,Lesion Type Identification,What specific pathological finding can be discerned from the provided endoscopic image?,esophagitis,Are there any abnormalities in the image? Check all that are present.,Oesophagitis
1618,image_1618.jpg,Lesion Type Identification,What specific pathological finding can be discerned from the provided endoscopic image?,esophagitis,Does this image contain any finding?,Yes
1618,image_1618.jpg,Lesion Type Identification,What specific pathological finding can be discerned from the provided endoscopic image?,esophagitis,Are there any abnormalities in the image? Check all that are present.,Oesophagitis
1619,image_1619.jpg,Lesion Type Identification,"Does the endoscopic image reveal any pathological findings? If so, could you identify the specific condition?",esophagitis,Does this image contain any finding?,Yes
1619,image_1619.jpg,Lesion Type Identification,"Does the endoscopic image reveal any pathological findings? If so, could you identify the specific condition?",esophagitis,Are there any abnormalities in the image? Check all that are present.,Oesophagitis
1620,image_1620.jpg,Lesion Type Identification,"Does this endoscopic image reveal any pathological findings? If so, could you identify the specific condition?",esophagitis,Does this image contain any finding?,Yes
1620,image_1620.jpg,Lesion Type Identification,"Does this endoscopic image reveal any pathological findings? If so, could you identify the specific condition?",esophagitis,Are there any abnormalities in the image? Check all that are present.,Oesophagitis
1621,image_1621.jpg,Lesion Type Identification,"Examine the provided endoscopic image and indicate whether any pathological findings are present. If so, please specify the nature of the abnormalities observed.",esophagitis,Does this image contain any finding?,Yes
1621,image_1621.jpg,Lesion Type Identification,"Examine the provided endoscopic image and indicate whether any pathological findings are present. If so, please specify the nature of the abnormalities observed.",esophagitis,Are there any abnormalities in the image? Check all that are present.,Oesophagitis
1622,image_1622.jpg,Lesion Type Identification,"Examine this endoscopic image for any irregularities; if any are identified, what specific type of abnormality could be indicated?",esophagitis,Does this image contain any finding?,Yes
1622,image_1622.jpg,Lesion Type Identification,"Examine this endoscopic image for any irregularities; if any are identified, what specific type of abnormality could be indicated?",esophagitis,Are there any abnormalities in the image? Check all that are present.,Oesophagitis
1623,image_1623.jpg,Lesion Type Identification,"Examine the provided endoscopic image and indicate whether any pathological findings are present. If so, please specify the nature of these findings.",esophagitis,Does this image contain any finding?,Yes
1623,image_1623.jpg,Lesion Type Identification,"Examine the provided endoscopic image and indicate whether any pathological findings are present. If so, please specify the nature of these findings.",esophagitis,Are there any abnormalities in the image? Check all that are present.,Oesophagitis
1624,image_1624.jpg,Lesion Type Identification,"Does this endoscopic image reveal any pathological findings? If so, could you identify the specific condition?",esophagitis,Does this image contain any finding?,Yes
1624,image_1624.jpg,Lesion Type Identification,"Does this endoscopic image reveal any pathological findings? If so, could you identify the specific condition?",esophagitis,Are there any abnormalities in the image? Check all that are present.,Oesophagitis
1625,image_1625.jpg,Lesion Type Identification,"Please analyze the provided image and determine whether any pathological findings are present. If abnormalities are detected, what specific type do they appear to be?",esophagitis,Does this image contain any finding?,Yes
1625,image_1625.jpg,Lesion Type Identification,"Please analyze the provided image and determine whether any pathological findings are present. If abnormalities are detected, what specific type do they appear to be?",esophagitis,Are there any abnormalities in the image? Check all that are present.,Oesophagitis
1626,image_1626.jpg,Lesion Type Identification,What specific pathological finding can be discerned from the provided endoscopic image?,esophagitis,Does this image contain any finding?,Yes
1626,image_1626.jpg,Lesion Type Identification,What specific pathological finding can be discerned from the provided endoscopic image?,esophagitis,Are there any abnormalities in the image? Check all that are present.,Oesophagitis
1627,image_1627.jpg,Lesion Type Identification,"Does this image reveal any pathological findings, and if so, what specific type of anomaly could it indicate?",esophagitis,Does this image contain any finding?,Yes
1627,image_1627.jpg,Lesion Type Identification,"Does this image reveal any pathological findings, and if so, what specific type of anomaly could it indicate?",esophagitis,Are there any abnormalities in the image? Check all that are present.,Oesophagitis
1628,image_1628.jpg,Lesion Type Identification,"Examine this endoscopic image and indicate whether any pathological findings are present. If abnormalities are detected, please identify their specific nature.",esophagitis,Does this image contain any finding?,Yes
1628,image_1628.jpg,Lesion Type Identification,"Examine this endoscopic image and indicate whether any pathological findings are present. If abnormalities are detected, please identify their specific nature.",esophagitis,Are there any abnormalities in the image? Check all that are present.,Oesophagitis
1629,image_1629.jpg,Lesion Type Identification,"Examine this endoscopic image for any irregularities; if any are identified, what specific type of abnormality could be present?",esophagitis,Does this image contain any finding?,Yes
1629,image_1629.jpg,Lesion Type Identification,"Examine this endoscopic image for any irregularities; if any are identified, what specific type of abnormality could be present?",esophagitis,Are there any abnormalities in the image? Check all that are present.,Oesophagitis
1630,image_1630.jpg,Lesion Type Identification,"Examine this endoscopic image for any potential irregularities. Should any be identified, what specific type of abnormality could be present?",esophagitis,Does this image contain any finding?,Yes
1630,image_1630.jpg,Lesion Type Identification,"Examine this endoscopic image for any potential irregularities. Should any be identified, what specific type of abnormality could be present?",esophagitis,Are there any abnormalities in the image? Check all that are present.,Oesophagitis
1631,image_1631.jpg,Lesion Type Identification,"Examine the provided endoscopic image and indicate whether any pathological findings are present. If abnormalities are detected, please identify their specific nature.",esophagitis,Does this image contain any finding?,Yes
1631,image_1631.jpg,Lesion Type Identification,"Examine the provided endoscopic image and indicate whether any pathological findings are present. If abnormalities are detected, please identify their specific nature.",esophagitis,Are there any abnormalities in the image? Check all that are present.,Oesophagitis
1632,image_1632.jpg,Lesion Type Identification,"Please analyze the provided endoscopic image and determine whether any pathological findings are present. If abnormalities are identified, could you specify their nature?",gastric polyp,Does this image contain any finding?,Yes
1632,image_1632.jpg,Lesion Type Identification,"Please analyze the provided endoscopic image and determine whether any pathological findings are present. If abnormalities are identified, could you specify their nature?",gastric polyp,Are there any abnormalities in the image? Check all that are present.,Polyp
1633,image_1633.jpg,Lesion Type Identification,"Analyze this endoscopic image for any pathological findings. Should abnormalities be identified, what classifications do they fall under?",gastric polyp,Does this image contain any finding?,Yes
1633,image_1633.jpg,Lesion Type Identification,"Analyze this endoscopic image for any pathological findings. Should abnormalities be identified, what classifications do they fall under?",gastric polyp,Are there any abnormalities in the image? Check all that are present.,Polyp
1634,image_1634.jpg,Lesion Type Identification,"Examine the provided endoscopic image and indicate whether any pathological findings are present. If abnormalities are detected, please identify their specific nature.",gastric polyp,Does this image contain any finding?,Yes
1634,image_1634.jpg,Lesion Type Identification,"Examine the provided endoscopic image and indicate whether any pathological findings are present. If abnormalities are detected, please identify their specific nature.",gastric polyp,Are there any abnormalities in the image? Check all that are present.,Polyp
1635,image_1635.jpg,Lesion Type Identification,"Does this endoscopic visualization reveal any pathological findings? If so, could you identify the specific type?",gastric polyp,Does this image contain any finding?,Yes
1635,image_1635.jpg,Lesion Type Identification,"Does this endoscopic visualization reveal any pathological findings? If so, could you identify the specific type?",gastric polyp,Are there any abnormalities in the image? Check all that are present.,Polyp
1636,image_1636.jpg,Lesion Type Identification,"Could you analyze this endoscopic image and determine whether any pathological findings are present? If abnormalities are identified, what specific type might they be?",gastric polyp,Does this image contain any finding?,Yes
1636,image_1636.jpg,Lesion Type Identification,"Could you analyze this endoscopic image and determine whether any pathological findings are present? If abnormalities are identified, what specific type might they be?",gastric polyp,Are there any abnormalities in the image? Check all that are present.,Polyp
1637,image_1637.jpg,Lesion Type Identification,"Analyze this endoscopic image for any pathological findings. Should abnormalities be present, what classifications do they fall under?",gastric polyp,Does this image contain any finding?,Yes
1637,image_1637.jpg,Lesion Type Identification,"Analyze this endoscopic image for any pathological findings. Should abnormalities be present, what classifications do they fall under?",gastric polyp,Are there any abnormalities in the image? Check all that are present.,Polyp
1638,image_1638.jpg,Lesion Type Identification,"Please analyze the provided endoscopic image and determine whether any pathological findings are present. If abnormalities are identified, what specific type do they appear to be?",gastric polyp,Does this image contain any finding?,Yes
1638,image_1638.jpg,Lesion Type Identification,"Please analyze the provided endoscopic image and determine whether any pathological findings are present. If abnormalities are identified, what specific type do they appear to be?",gastric polyp,Are there any abnormalities in the image? Check all that are present.,Polyp
1639,image_1639.jpg,Lesion Type Identification,"Analyze this endoscopic image for any pathological findings. Should any be identified, what classification do they fall under?",gastric polyp,Does this image contain any finding?,Yes
1639,image_1639.jpg,Lesion Type Identification,"Analyze this endoscopic image for any pathological findings. Should any be identified, what classification do they fall under?",gastric polyp,Are there any abnormalities in the image? Check all that are present.,Polyp
1640,image_1640.jpg,Lesion Type Identification,"Does this image reveal any pathological findings, and if so, what specific type of anomaly could it indicate?",gastric polyp,Does this image contain any finding?,Yes
1640,image_1640.jpg,Lesion Type Identification,"Does this image reveal any pathological findings, and if so, what specific type of anomaly could it indicate?",gastric polyp,Are there any abnormalities in the image? Check all that are present.,Polyp
1641,image_1641.jpg,Lesion Type Identification,"Does this image reveal any pathological findings? If it does, please characterize the nature of the identified abnormality.",gastric polyp,Does this image contain any finding?,Yes
1641,image_1641.jpg,Lesion Type Identification,"Does this image reveal any pathological findings? If it does, please characterize the nature of the identified abnormality.",gastric polyp,Are there any abnormalities in the image? Check all that are present.,Polyp
1642,image_1642.jpg,Lesion Type Identification,"Examine the provided endoscopic image and indicate whether any pathological findings are present. If so, please specify the nature of the abnormalities observed.",gastric polyp,Does this image contain any finding?,Yes
1642,image_1642.jpg,Lesion Type Identification,"Examine the provided endoscopic image and indicate whether any pathological findings are present. If so, please specify the nature of the abnormalities observed.",gastric polyp,Are there any abnormalities in the image? Check all that are present.,Polyp
1643,image_1643.jpg,Lesion Type Identification,"Analyze this endoscopic image for any pathological findings. Should any be identified, what classification do they fall under?",gastric polyp,Does this image contain any finding?,Yes
1643,image_1643.jpg,Lesion Type Identification,"Analyze this endoscopic image for any pathological findings. Should any be identified, what classification do they fall under?",gastric polyp,Are there any abnormalities in the image? Check all that are present.,Polyp
1644,image_1644.jpg,Lesion Type Identification,What specific pathological finding can be discerned from the examination of this endoscopic image?,gastric polyp,Does this image contain any finding?,Yes
1644,image_1644.jpg,Lesion Type Identification,What specific pathological finding can be discerned from the examination of this endoscopic image?,gastric polyp,Are there any abnormalities in the image? Check all that are present.,Polyp
1645,image_1645.jpg,Lesion Type Identification,"Can you identify any pathological findings in this image? If present, please characterize the nature of the abnormality.",gastric polyp,Does this image contain any finding?,Yes
1645,image_1645.jpg,Lesion Type Identification,"Can you identify any pathological findings in this image? If present, please characterize the nature of the abnormality.",gastric polyp,Are there any abnormalities in the image? Check all that are present.,Polyp
1646,image_1646.jpg,Lesion Type Identification,What specific pathological finding can be discerned from the provided endoscopic image?,gastric polyp,Does this image contain any finding?,Yes
1646,image_1646.jpg,Lesion Type Identification,What specific pathological finding can be discerned from the provided endoscopic image?,gastric polyp,Are there any abnormalities in the image? Check all that are present.,Polyp
1647,image_1647.jpg,Lesion Type Identification,"Please analyze the provided endoscopic image and determine whether any pathological findings are present. If abnormalities are identified, could you specify their nature?",gastric polyp,Does this image contain any finding?,Yes
1647,image_1647.jpg,Lesion Type Identification,"Please analyze the provided endoscopic image and determine whether any pathological findings are present. If abnormalities are identified, could you specify their nature?",gastric polyp,Are there any abnormalities in the image? Check all that are present.,Polyp
1648,image_1648.jpg,Lesion Type Identification,"Analyze this endoscopic image for any pathological findings. Should any be identified, what classifications do they fall under?",gastric polyp,Does this image contain any finding?,Yes
1648,image_1648.jpg,Lesion Type Identification,"Analyze this endoscopic image for any pathological findings. Should any be identified, what classifications do they fall under?",gastric polyp,Are there any abnormalities in the image? Check all that are present.,Polyp
1649,image_1649.jpg,Lesion Type Identification,"Analyze this endoscopic image for any pathological findings. Should any be identified, what classifications do they fall under?",gastric polyp,Does this image contain any finding?,Yes
1649,image_1649.jpg,Lesion Type Identification,"Analyze this endoscopic image for any pathological findings. Should any be identified, what classifications do they fall under?",gastric polyp,Are there any abnormalities in the image? Check all that are present.,Polyp
1650,image_1650.jpg,Lesion Type Identification,"Examine the provided endoscopic image and indicate whether any pathological findings are present. If so, please specify the nature of the abnormalities observed.",gastric polyp,Does this image contain any finding?,Yes
1650,image_1650.jpg,Lesion Type Identification,"Examine the provided endoscopic image and indicate whether any pathological findings are present. If so, please specify the nature of the abnormalities observed.",gastric polyp,Are there any abnormalities in the image? Check all that are present.,Polyp
1651,image_1651.jpg,Lesion Type Identification,"Examine this endoscopic image for potential irregularities. If any are identified, what specific type of abnormality could be present?",gastric polyp,Does this image contain any finding?,Yes
1651,image_1651.jpg,Lesion Type Identification,"Examine this endoscopic image for potential irregularities. If any are identified, what specific type of abnormality could be present?",gastric polyp,Are there any abnormalities in the image? Check all that are present.,Polyp
1652,image_1652.jpg,Lesion Type Identification,"Examine the provided endoscopic image and indicate whether any pathological findings are present. If so, please specify the nature of the abnormalities observed.",ulcer,Does this image contain any finding?,Yes
1653,image_1653.jpg,Lesion Type Identification,What specific pathological finding can be discerned from the provided endoscopic image?,ulcer,Does this image contain any finding?,Yes
1654,image_1654.jpg,Lesion Type Identification,"Does this image reveal any pathological findings? If it does, please specify the nature of the identified abnormality.",esophageal varices,Does this image contain any finding?,Yes
1655,image_1655.jpg,Lesion Type Identification,"Analyze this endoscopic image for any pathological findings. Should any be identified, what classifications do they fall under?",esophageal varices,Does this image contain any finding?,Yes
1656,image_1656.jpg,Lesion Type Identification,What specific pathological finding can be discerned from the provided endoscopic image?,angiectasia,Does this image contain any finding?,Yes
1657,image_1657.jpg,Lesion Type Identification,"Does this image reveal any pathological findings, and if so, what specific type of anomaly could it be?",angiectasia,Does this image contain any finding?,Yes
1658,image_1658.jpg,Lesion Type Identification,"Does this image reveal any pathological findings? If it does, please characterize the nature of the identified abnormality.",angiectasia,Does this image contain any finding?,Yes
1659,image_1659.jpg,Lesion Type Identification,What specific pathological finding can be discerned from the provided endoscopic image?,angiectasia,Does this image contain any finding?,Yes
1660,image_1660.jpg,Lesion Type Identification,"Please analyze the provided endoscopic image and determine whether any pathological findings are present. If abnormalities are identified, what specific type do they appear to be?",angiectasia,Does this image contain any finding?,Yes
1661,image_1661.jpg,Lesion Type Identification,"Does this endoscopic image reveal any pathological findings? If so, could you identify the specific type?",colon polyp,Does this image contain any finding?,Yes
1661,image_1661.jpg,Lesion Type Identification,"Does this endoscopic image reveal any pathological findings? If so, could you identify the specific type?",colon polyp,Are there any abnormalities in the image? Check all that are present.,Polyp
1662,image_1662.jpg,Lesion Type Identification,"Does this endoscopic visualization reveal any pathological findings? If so, could you identify the specific nature of the abnormality?",colon polyp,Does this image contain any finding?,Yes
1662,image_1662.jpg,Lesion Type Identification,"Does this endoscopic visualization reveal any pathological findings? If so, could you identify the specific nature of the abnormality?",colon polyp,Are there any abnormalities in the image? Check all that are present.,Polyp
1663,image_1663.jpg,Lesion Type Identification,"Examine this endoscopic image for potential irregularities. Should any be identified, what specific type of abnormality could be indicated?",colon polyp,Does this image contain any finding?,Yes
1663,image_1663.jpg,Lesion Type Identification,"Examine this endoscopic image for potential irregularities. Should any be identified, what specific type of abnormality could be indicated?",colon polyp,Are there any abnormalities in the image? Check all that are present.,Polyp
1664,image_1664.jpg,Lesion Type Identification,"Does the endoscopic image reveal any pathological findings? If so, could you identify the specific condition?",colon polyp,Does this image contain any finding?,Yes
1664,image_1664.jpg,Lesion Type Identification,"Does the endoscopic image reveal any pathological findings? If so, could you identify the specific condition?",colon polyp,Are there any abnormalities in the image? Check all that are present.,Polyp
1665,image_1665.jpg,Lesion Type Identification,"Examine this endoscopic image for any potential irregularities. Should any be identified, what specific type of abnormality could be present?",colon polyp,Does this image contain any finding?,Yes
1665,image_1665.jpg,Lesion Type Identification,"Examine this endoscopic image for any potential irregularities. Should any be identified, what specific type of abnormality could be present?",colon polyp,Are there any abnormalities in the image? Check all that are present.,Polyp
1666,image_1666.jpg,Lesion Type Identification,"Examine this endoscopic image for potential irregularities. Should any be identified, what specific type of abnormality could be indicated?",colon polyp,Does this image contain any finding?,Yes
1666,image_1666.jpg,Lesion Type Identification,"Examine this endoscopic image for potential irregularities. Should any be identified, what specific type of abnormality could be indicated?",colon polyp,Are there any abnormalities in the image? Check all that are present.,Polyp
1667,image_1667.jpg,Lesion Type Identification,"Does this image reveal any pathological findings, and if so, what specific type of anomaly could it indicate?",colon polyp,Does this image contain any finding?,Yes
1667,image_1667.jpg,Lesion Type Identification,"Does this image reveal any pathological findings, and if so, what specific type of anomaly could it indicate?",colon polyp,Are there any abnormalities in the image? Check all that are present.,Polyp
1668,image_1668.jpg,Lesion Type Identification,"Does this endoscopic image reveal any pathological findings? If so, could you identify the specific type?",colon polyp,Does this image contain any finding?,Yes
1668,image_1668.jpg,Lesion Type Identification,"Does this endoscopic image reveal any pathological findings? If so, could you identify the specific type?",colon polyp,Are there any abnormalities in the image? Check all that are present.,Polyp
1669,image_1669.jpg,Lesion Type Identification,"Does this image reveal any pathological findings, and if so, what specific type of anomaly could it be?",colon polyp,Does this image contain any finding?,Yes
1669,image_1669.jpg,Lesion Type Identification,"Does this image reveal any pathological findings, and if so, what specific type of anomaly could it be?",colon polyp,Are there any abnormalities in the image? Check all that are present.,Polyp
1670,image_1670.jpg,Lesion Type Identification,"Examine this endoscopic image for any potential irregularities. If any are identified, what specific type of abnormality could be present?",colon polyp,Does this image contain any finding?,Yes
1670,image_1670.jpg,Lesion Type Identification,"Examine this endoscopic image for any potential irregularities. If any are identified, what specific type of abnormality could be present?",colon polyp,Are there any abnormalities in the image? Check all that are present.,Polyp
1671,image_1671.jpg,Lesion Type Identification,"Examine this endoscopic image for any irregularities. Should any be identified, what specific type of abnormality could be indicated?",colon polyp,Does this image contain any finding?,Yes
1671,image_1671.jpg,Lesion Type Identification,"Examine this endoscopic image for any irregularities. Should any be identified, what specific type of abnormality could be indicated?",colon polyp,Are there any abnormalities in the image? Check all that are present.,Polyp
1672,image_1672.jpg,Lesion Type Identification,What specific pathological finding can be discerned from the provided endoscopic image?,colon polyp,Does this image contain any finding?,Yes
1672,image_1672.jpg,Lesion Type Identification,What specific pathological finding can be discerned from the provided endoscopic image?,colon polyp,Are there any abnormalities in the image? Check all that are present.,Polyp
1673,image_1673.jpg,Lesion Type Identification,"Does this image reveal any pathological findings, and if so, what specific type of anomaly could it indicate?",colon polyp,Does this image contain any finding?,Yes
1673,image_1673.jpg,Lesion Type Identification,"Does this image reveal any pathological findings, and if so, what specific type of anomaly could it indicate?",colon polyp,Are there any abnormalities in the image? Check all that are present.,Polyp
1674,image_1674.jpg,Lesion Type Identification,"Assess this endoscopic image for any pathological findings. Should abnormalities be identified, what classifications do they fall under?",colon polyp,Does this image contain any finding?,Yes
1674,image_1674.jpg,Lesion Type Identification,"Assess this endoscopic image for any pathological findings. Should abnormalities be identified, what classifications do they fall under?",colon polyp,Are there any abnormalities in the image? Check all that are present.,Polyp
1675,image_1675.jpg,Lesion Type Identification,"Can you identify any pathological findings in this image? If present, please characterize the nature of the anomaly.",colon polyp,Does this image contain any finding?,Yes
1675,image_1675.jpg,Lesion Type Identification,"Can you identify any pathological findings in this image? If present, please characterize the nature of the anomaly.",colon polyp,Are there any abnormalities in the image? Check all that are present.,Polyp
1676,image_1676.jpg,Lesion Type Identification,"Analyze this endoscopic image for any pathological findings. Should any be identified, what classifications do they fall under?",colon polyp,Does this image contain any finding?,Yes
1676,image_1676.jpg,Lesion Type Identification,"Analyze this endoscopic image for any pathological findings. Should any be identified, what classifications do they fall under?",colon polyp,Are there any abnormalities in the image? Check all that are present.,Polyp
1677,image_1677.jpg,Lesion Type Identification,"Examine the provided endoscopic image and indicate whether any pathological findings are present. If abnormalities are identified, please specify their nature.",colon polyp,Does this image contain any finding?,Yes
1677,image_1677.jpg,Lesion Type Identification,"Examine the provided endoscopic image and indicate whether any pathological findings are present. If abnormalities are identified, please specify their nature.",colon polyp,Are there any abnormalities in the image? Check all that are present.,Polyp
1678,image_1678.jpg,Lesion Type Identification,"Examine this endoscopic image and indicate whether any pathological findings are present. If abnormalities are detected, please identify their specific nature.",colon polyp,Does this image contain any finding?,Yes
1678,image_1678.jpg,Lesion Type Identification,"Examine this endoscopic image and indicate whether any pathological findings are present. If abnormalities are detected, please identify their specific nature.",colon polyp,Are there any abnormalities in the image? Check all that are present.,Polyp
1679,image_1679.jpg,Lesion Type Identification,"Examine this endoscopic image for potential irregularities. Should any be identified, what specific type of abnormality could be indicated?",colon polyp,Does this image contain any finding?,Yes
1679,image_1679.jpg,Lesion Type Identification,"Examine this endoscopic image for potential irregularities. Should any be identified, what specific type of abnormality could be indicated?",colon polyp,Are there any abnormalities in the image? Check all that are present.,Polyp
1680,image_1680.jpg,Lesion Type Identification,"Does this endoscopic visualization reveal any pathological findings? If so, could you identify the specific nature of the anomaly?",colon polyp,Does this image contain any finding?,Yes
1680,image_1680.jpg,Lesion Type Identification,"Does this endoscopic visualization reveal any pathological findings? If so, could you identify the specific nature of the anomaly?",colon polyp,Are there any abnormalities in the image? Check all that are present.,Polyp
1681,image_1681.jpg,Lesion Type Identification,"Does the endoscopic image reveal any pathological findings? If so, could you identify the specific nature of the abnormality?",inflammation,Does this image contain any finding?,Yes
1682,image_1682.jpg,Lesion Type Identification,"Please analyze the provided endoscopic image and determine whether any pathological findings are present. If abnormalities are identified, could you specify their nature?",inflammation,Does this image contain any finding?,Yes
1683,image_1683.jpg,Lesion Type Identification,What specific pathological finding can be discerned from the provided endoscopic image?,inflammation,Does this image contain any finding?,Yes
1684,image_1684.jpg,Lesion Type Identification,"Does this endoscopic visualization reveal any pathological findings? If so, could you identify the specific type?",inflammation,Does this image contain any finding?,Yes
1685,image_1685.jpg,Lesion Type Identification,What specific pathological finding can be discerned from the provided endoscopic image?,inflammation,Does this image contain any finding?,Yes
1686,image_1686.jpg,Lesion Type Identification,What specific pathological finding can be discerned from the provided endoscopic image?,colorectal cancer,Does this image contain any finding?,Yes
1687,image_1687.jpg,Lesion Type Identification,"Can you identify any pathological findings in this image? If present, please characterize the nature of the abnormality.",colorectal cancer,Does this image contain any finding?,Yes
1688,image_1688.jpg,Lesion Type Identification,"Analyze this endoscopic image for any pathological findings. Should abnormalities be identified, what classifications do they fall under?",colorectal cancer,Does this image contain any finding?,Yes
1689,image_1689.jpg,Lesion Type Identification,"Does this image reveal any pathological findings? If it does, please characterize the nature of the identified anomaly.",colorectal cancer,Does this image contain any finding?,Yes
1690,image_1690.jpg,Lesion Type Identification,"Does this endoscopic visualization reveal any pathological findings? If so, could you identify the specific nature of the anomaly?",colorectal cancer,Does this image contain any finding?,Yes
1691,image_1691.jpg,Lesion Type Identification,"Examine the provided endoscopic image and indicate whether any pathological findings are present. If abnormalities are identified, please specify their nature.",colorectal cancer,Does this image contain any finding?,Yes
1692,image_1692.jpg,Lesion Type Identification,What specific pathological finding can be discerned from the provided endoscopic image?,colorectal cancer,Does this image contain any finding?,Yes
1693,image_1693.jpg,Lesion Type Identification,"Does this endoscopic visualization reveal any pathological findings? If so, could you identify the specific type?",colorectal cancer,Does this image contain any finding?,Yes
1694,image_1694.jpg,Lesion Type Identification,"Examine this endoscopic image and indicate whether any pathological findings are present. If abnormalities are detected, please identify their specific nature.",colorectal cancer,Does this image contain any finding?,Yes
1695,image_1695.jpg,Lesion Type Identification,"Assess this endoscopic image for any pathological findings. Should any be identified, what classifications do they fall under?",colorectal cancer,Does this image contain any finding?,Yes
1696,image_1696.jpg,Lesion Type Identification,What specific pathological finding can be discerned from the provided endoscopic image?,No abnormality,Does this image contain any finding?,No
1697,image_1697.jpg,Lesion Type Identification,"Please analyze the provided endoscopic image and determine whether any pathological findings are present. If abnormalities are identified, could you specify their nature?",No abnormality,Does this image contain any finding?,No
1698,image_1698.jpg,Lesion Type Identification,"Examine the provided endoscopic image and indicate whether any pathological findings are present. If so, please specify the nature of the abnormalities observed.",No abnormality,Does this image contain any finding?,No
1699,image_1699.jpg,Lesion Type Identification,"Analyze this endoscopic image for any pathological findings. Should abnormalities be present, what classifications do they fall under?",No abnormality,Does this image contain any finding?,No
1700,image_1700.jpg,Lesion Type Identification,"Examine this endoscopic image for any potential irregularities. Should any be identified, what specific type of abnormality could be present?",No abnormality,Does this image contain any finding?,No
1701,image_1701.jpg,Lesion Type Identification,"Please analyze the provided endoscopic image and determine whether any pathological findings are present. If abnormalities are detected, could you specify their nature?",No abnormality,Does this image contain any finding?,No
1702,image_1702.jpg,Lesion Type Identification,"Examine the provided endoscopic image and indicate whether any pathological findings are present. If so, please specify the nature of the abnormalities observed.",No abnormality,Does this image contain any finding?,No
1703,image_1703.jpg,Lesion Type Identification,"Examine the provided endoscopic image and indicate whether any pathological findings are present. If abnormalities are detected, please identify their specific nature.",No abnormality,Does this image contain any finding?,No
1704,image_1704.jpg,Lesion Type Identification,"Please analyze the provided image and determine whether any pathological findings are present. If abnormalities are detected, what specific type might they be?",No abnormality,Does this image contain any finding?,No
1705,image_1705.jpg,Lesion Type Identification,"Does this endoscopic image reveal any pathological findings? If so, could you identify the specific nature of the abnormality?",No abnormality,Does this image contain any finding?,No
1706,image_1706.jpg,Lesion Type Identification,"Examine this endoscopic image for potential irregularities. Should any be identified, what specific type of abnormality could be present?",No abnormality,Does this image contain any finding?,No
1707,image_1707.jpg,Lesion Type Identification,"Examine this endoscopic image for any potential irregularities. If any are identified, what specific type of abnormality could be present?",No abnormality,Does this image contain any finding?,No
1708,image_1708.jpg,Lesion Type Identification,"Does this image reveal any pathological findings? If it does, please characterize the nature of the identified abnormality.",No abnormality,Does this image contain any finding?,No
1709,image_1709.jpg,Lesion Type Identification,What specific pathological finding can be discerned from the examination of this endoscopic image?,No abnormality,Does this image contain any finding?,No
1710,image_1710.jpg,Lesion Type Identification,"Examine the provided endoscopic image and indicate whether any pathological findings are present. If so, please specify the nature of the abnormalities observed.",No abnormality,Does this image contain any finding?,No
1711,image_1711.jpg,Lesion Type Identification,"Examine the provided endoscopic image and indicate whether any pathological findings are present. If so, please specify the nature of the abnormalities observed.",No abnormality,Does this image contain any finding?,No
1712,image_1712.jpg,Lesion Type Identification,"Does this endoscopic image reveal any pathological findings? If so, could you identify the specific type?",No abnormality,Does this image contain any finding?,No
1713,image_1713.jpg,Lesion Type Identification,"Examine the provided endoscopic image and indicate whether any pathological findings are present. If abnormalities are detected, please identify their specific nature.",No abnormality,Does this image contain any finding?,No
1714,image_1714.jpg,Lesion Type Identification,"Examine the provided endoscopic image and indicate whether any pathological findings are present. If so, please specify the nature of the abnormalities observed.",No abnormality,Does this image contain any finding?,No
1715,image_1715.jpg,Lesion Type Identification,"Examine this endoscopic image and indicate whether any pathological findings are present. If abnormalities are detected, please identify their specific nature.",No abnormality,Does this image contain any finding?,No
1716,image_1716.jpg,Lesion Type Identification,"Does this image reveal any pathological findings, and if so, what specific type of anomaly could it be?",bleeding,Does this image contain any finding?,Yes
1717,image_1717.jpg,Lesion Type Identification,"Examine this endoscopic image for potential irregularities. Should any be identified, what specific type of abnormality can be discerned?",bleeding,Does this image contain any finding?,Yes
1718,image_1718.jpg,Lesion Type Identification,"Examine this endoscopic image for any pathological findings. If any are identified, what specific type of anomaly can be observed?",bleeding,Does this image contain any finding?,Yes
1719,image_1719.jpg,Lesion Type Identification,"Does this endoscopic image reveal any pathological findings? If so, could you identify the specific type?",bleeding,Does this image contain any finding?,Yes
1720,image_1720.jpg,Lesion Type Identification,"Examine this endoscopic image for any potential irregularities. If any are identified, what specific type of abnormality can be observed?",bleeding,Does this image contain any finding?,Yes
1721,image_1721.jpg,Lesion Type Identification,What specific pathological finding can be discerned from the provided endoscopic image?,bleeding,Does this image contain any finding?,Yes
1722,image_1722.jpg,Lesion Type Identification,"Does this endoscopic image reveal any pathological findings? If so, could you identify the specific nature of the anomaly?",bleeding,Does this image contain any finding?,Yes
1723,image_1723.jpg,Lesion Type Identification,"Does this image reveal any atypical findings, and if so, what specific type of anomaly could it be?",bleeding,Does this image contain any finding?,Yes
1724,image_1724.jpg,Lesion Type Identification,What specific abnormality can be discerned from the findings presented in this endoscopic image?,bleeding,Does this image contain any finding?,Yes
1725,image_1725.jpg,Lesion Type Identification,"Please analyze the provided endoscopic image and determine whether any pathological findings are present. If abnormalities are identified, could you specify their nature?",bleeding,Does this image contain any finding?,Yes
1726,image_1726.jpg,Lesion Type Identification,"Does this image reveal any pathological findings, and if so, what specific type of anomaly could it be?",bleeding,Does this image contain any finding?,Yes
1727,image_1727.jpg,Lesion Type Identification,"Does this endoscopic image reveal any pathological findings? If so, could you identify the specific type?",bleeding,Does this image contain any finding?,Yes
1728,image_1728.jpg,Lesion Type Identification,"Does this endoscopic image reveal any pathological findings? If so, could you identify the specific type?",bleeding,Does this image contain any finding?,Yes
1729,image_1729.jpg,Lesion Type Identification,"Assess this endoscopic image for any pathological findings. Should any be identified, what classifications do they fall under?",bleeding,Does this image contain any finding?,Yes
1730,image_1730.jpg,Lesion Type Identification,What specific pathological finding can be discerned from the provided endoscopic image?,bleeding,Does this image contain any finding?,Yes
1731,image_1731.jpg,Lesion Type Identification,"Examine the provided endoscopic image and indicate whether any pathological findings are present. If abnormalities are identified, please categorize them accordingly.",bleeding,Does this image contain any finding?,Yes
1732,image_1732.jpg,Lesion Type Identification,"Does this image reveal any pathological findings, and if so, what specific type of anomaly can be identified?",bleeding,Does this image contain any finding?,Yes
1733,image_1733.jpg,Lesion Type Identification,"Could you analyze this endoscopic image and determine whether any pathological findings are present? If abnormalities are identified, what specific types might they be?",bleeding,Does this image contain any finding?,Yes
1734,image_1734.jpg,Lesion Type Identification,"Examine this endoscopic image for any irregularities. If any are identified, what specific type of abnormality can be observed?",bleeding,Does this image contain any finding?,Yes
1735,image_1735.jpg,Lesion Type Identification,"Analyze this endoscopic image for any pathological findings. Should any be identified, what classifications do they fall under?",bleeding,Does this image contain any finding?,Yes
1736,image_1736.jpg,Lesion Type Identification,"Does this image reveal any pathological findings? If it does, please characterize the nature of the identified abnormality.",polyp,Does this image contain any finding?,Yes
1736,image_1736.jpg,Lesion Type Identification,"Does this image reveal any pathological findings? If it does, please characterize the nature of the identified abnormality.",polyp,Are there any abnormalities in the image? Check all that are present.,Polyp
1737,image_1737.jpg,Lesion Type Identification,"Does the endoscopic image reveal any pathological findings? If so, could you identify the specific type?",polyp,Does this image contain any finding?,Yes
1737,image_1737.jpg,Lesion Type Identification,"Does the endoscopic image reveal any pathological findings? If so, could you identify the specific type?",polyp,Are there any abnormalities in the image? Check all that are present.,Polyp
1738,image_1738.jpg,Lesion Type Identification,"Could you analyze this endoscopic image and determine whether any pathological findings are present? If abnormalities are identified, what specific type do they appear to be?",polyp,Does this image contain any finding?,Yes
1738,image_1738.jpg,Lesion Type Identification,"Could you analyze this endoscopic image and determine whether any pathological findings are present? If abnormalities are identified, what specific type do they appear to be?",polyp,Are there any abnormalities in the image? Check all that are present.,Polyp
1739,image_1739.jpg,Lesion Type Identification,"Does this image reveal any pathological findings, and if so, what specific type of anomaly could it be?",polyp,Does this image contain any finding?,Yes
1739,image_1739.jpg,Lesion Type Identification,"Does this image reveal any pathological findings, and if so, what specific type of anomaly could it be?",polyp,Are there any abnormalities in the image? Check all that are present.,Polyp
1740,image_1740.jpg,Lesion Type Identification,"Examine this endoscopic image for potential irregularities. Should any be identified, what specific type of abnormality could be present?",polyp,Does this image contain any finding?,Yes
1740,image_1740.jpg,Lesion Type Identification,"Examine this endoscopic image for potential irregularities. Should any be identified, what specific type of abnormality could be present?",polyp,Are there any abnormalities in the image? Check all that are present.,Polyp
1741,image_1741.jpg,Lesion Type Identification,"Assess this endoscopic image for any pathological findings. Should abnormalities be identified, what classifications do they fall under?",polyp,Does this image contain any finding?,Yes
1741,image_1741.jpg,Lesion Type Identification,"Assess this endoscopic image for any pathological findings. Should abnormalities be identified, what classifications do they fall under?",polyp,Are there any abnormalities in the image? Check all that are present.,Polyp
1742,image_1742.jpg,Lesion Type Identification,What specific pathological finding can be discerned from the examination of this endoscopic image?,polyp,Does this image contain any finding?,Yes
1742,image_1742.jpg,Lesion Type Identification,What specific pathological finding can be discerned from the examination of this endoscopic image?,polyp,Are there any abnormalities in the image? Check all that are present.,Polyp
1743,image_1743.jpg,Lesion Type Identification,"Examine this endoscopic image and indicate whether any pathological findings are present. If abnormalities are detected, please identify their specific nature.",polyp,Does this image contain any finding?,Yes
1743,image_1743.jpg,Lesion Type Identification,"Examine this endoscopic image and indicate whether any pathological findings are present. If abnormalities are detected, please identify their specific nature.",polyp,Are there any abnormalities in the image? Check all that are present.,Polyp
1744,image_1744.jpg,Lesion Type Identification,"Can you identify any pathological findings in this image? If present, please characterize the nature of the abnormality.",polyp,Does this image contain any finding?,Yes
1744,image_1744.jpg,Lesion Type Identification,"Can you identify any pathological findings in this image? If present, please characterize the nature of the abnormality.",polyp,Are there any abnormalities in the image? Check all that are present.,Polyp
1745,image_1745.jpg,Lesion Type Identification,"Examine the provided endoscopic image and indicate whether any pathological findings are present. If abnormalities are detected, please identify their specific nature.",polyp,Does this image contain any finding?,Yes
1745,image_1745.jpg,Lesion Type Identification,"Examine the provided endoscopic image and indicate whether any pathological findings are present. If abnormalities are detected, please identify their specific nature.",polyp,Are there any abnormalities in the image? Check all that are present.,Polyp
1746,image_1746.jpg,Lesion Type Identification,"Does this image reveal any pathological findings, and if so, what specific type of anomaly could it be?",polyp,Does this image contain any finding?,Yes
1746,image_1746.jpg,Lesion Type Identification,"Does this image reveal any pathological findings, and if so, what specific type of anomaly could it be?",polyp,Are there any abnormalities in the image? Check all that are present.,Polyp
1747,image_1747.jpg,Lesion Type Identification,"Examine the provided endoscopic image and indicate whether any pathological findings are present. If so, please specify the nature of the abnormalities observed.",polyp,Does this image contain any finding?,Yes
1747,image_1747.jpg,Lesion Type Identification,"Examine the provided endoscopic image and indicate whether any pathological findings are present. If so, please specify the nature of the abnormalities observed.",polyp,Are there any abnormalities in the image? Check all that are present.,Polyp
1748,image_1748.jpg,Lesion Type Identification,What specific pathological finding can be discerned from the provided endoscopic image?,polyp,Does this image contain any finding?,Yes
1748,image_1748.jpg,Lesion Type Identification,What specific pathological finding can be discerned from the provided endoscopic image?,polyp,Are there any abnormalities in the image? Check all that are present.,Polyp
1749,image_1749.jpg,Lesion Type Identification,"Does this image reveal any pathological findings? If it does, please specify the nature of the anomaly.",polyp,Does this image contain any finding?,Yes
1749,image_1749.jpg,Lesion Type Identification,"Does this image reveal any pathological findings? If it does, please specify the nature of the anomaly.",polyp,Are there any abnormalities in the image? Check all that are present.,Polyp
1750,image_1750.jpg,Lesion Type Identification,"Examine this endoscopic image for any irregularities. If any are identified, what specific type of abnormality can be observed?",polyp,Does this image contain any finding?,Yes
1750,image_1750.jpg,Lesion Type Identification,"Examine this endoscopic image for any irregularities. If any are identified, what specific type of abnormality can be observed?",polyp,Are there any abnormalities in the image? Check all that are present.,Polyp
1751,image_1751.jpg,Lesion Type Identification,"Examine the provided endoscopic image and indicate whether any pathological findings are present. If so, please specify the nature of the abnormalities observed.",polyp,Does this image contain any finding?,Yes
1751,image_1751.jpg,Lesion Type Identification,"Examine the provided endoscopic image and indicate whether any pathological findings are present. If so, please specify the nature of the abnormalities observed.",polyp,Are there any abnormalities in the image? Check all that are present.,Polyp
1752,image_1752.jpg,Lesion Type Identification,"Does this image reveal any atypical findings, and if so, what specific type of anomaly could it be?",polyp,Does this image contain any finding?,Yes
1752,image_1752.jpg,Lesion Type Identification,"Does this image reveal any atypical findings, and if so, what specific type of anomaly could it be?",polyp,Are there any abnormalities in the image? Check all that are present.,Polyp
1753,image_1753.jpg,Lesion Type Identification,"Examine this endoscopic image and indicate whether any pathological findings are present. If abnormalities are detected, please identify their specific nature.",polyp,Does this image contain any finding?,Yes
1753,image_1753.jpg,Lesion Type Identification,"Examine this endoscopic image and indicate whether any pathological findings are present. If abnormalities are detected, please identify their specific nature.",polyp,Are there any abnormalities in the image? Check all that are present.,Polyp
1754,image_1754.jpg,Lesion Type Identification,"Examine the provided endoscopic image and indicate whether any pathological findings are present. If abnormalities are detected, please identify their specific nature.",polyp,Does this image contain any finding?,Yes
1754,image_1754.jpg,Lesion Type Identification,"Examine the provided endoscopic image and indicate whether any pathological findings are present. If abnormalities are detected, please identify their specific nature.",polyp,Are there any abnormalities in the image? Check all that are present.,Polyp
1755,image_1755.jpg,Lesion Type Identification,"Could you analyze this endoscopic image and determine whether any pathological findings are present? If abnormalities are identified, what specific type might they be?",polyp,Does this image contain any finding?,Yes
1755,image_1755.jpg,Lesion Type Identification,"Could you analyze this endoscopic image and determine whether any pathological findings are present? If abnormalities are identified, what specific type might they be?",polyp,Are there any abnormalities in the image? Check all that are present.,Polyp
1756,image_1756.jpg,Lesion Type Identification,"Does this endoscopic image reveal any pathological findings? If so, could you identify the specific type?",erosion,Does this image contain any finding?,Yes
1757,image_1757.jpg,Lesion Type Identification,"Assess this endoscopic image for any pathological findings. Should abnormalities be present, what classifications do they fall under?",erosion,Does this image contain any finding?,Yes
1758,image_1758.jpg,Lesion Type Identification,"Analyze this endoscopic image for any pathological findings. Should any be identified, what classifications do they fall under?",erosion,Does this image contain any finding?,Yes
1759,image_1759.jpg,Lesion Type Identification,"Please analyze the provided endoscopic image and determine whether any pathological findings are present. If abnormalities are detected, could you specify their nature?",erosion,Does this image contain any finding?,Yes
1760,image_1760.jpg,Lesion Type Identification,"Does this image reveal any pathological findings? If it does, please characterize the nature of the anomaly.",erosion,Does this image contain any finding?,Yes
1761,image_1761.jpg,Lesion Type Identification,"Does this endoscopic image reveal any pathological findings? If so, could you identify the specific type?",erosion,Does this image contain any finding?,Yes
1762,image_1762.jpg,Lesion Type Identification,"Examine this endoscopic image and indicate whether any pathological findings are present. If abnormalities are detected, please identify their specific nature.",erosion,Does this image contain any finding?,Yes
1763,image_1763.jpg,Lesion Type Identification,"Examine the provided endoscopic image and indicate whether any pathological findings are present. If so, please specify the nature of the abnormalities observed.",erosion,Does this image contain any finding?,Yes
1764,image_1764.jpg,Lesion Type Identification,What specific pathological finding can be discerned from the examination of this endoscopic image?,erosion,Does this image contain any finding?,Yes
1765,image_1765.jpg,Lesion Type Identification,"Examine this endoscopic image for any irregularities. Should any be identified, what specific type of abnormality can be observed?",erosion,Does this image contain any finding?,Yes
1766,image_1766.jpg,Lesion Type Identification,"Assess this endoscopic image for any pathological findings. Should abnormalities be identified, what classifications do they fall under?",erosion,Does this image contain any finding?,Yes
1767,image_1767.jpg,Lesion Type Identification,What specific pathological finding can be discerned from the provided endoscopic image?,erosion,Does this image contain any finding?,Yes
1768,image_1768.jpg,Lesion Type Identification,What specific pathological finding can be discerned from the provided endoscopic image?,erosion,Does this image contain any finding?,Yes
1769,image_1769.jpg,Lesion Type Identification,"Could you analyze this endoscopic image and determine whether any pathological findings are present? If abnormalities are detected, what specific type might they be?",erosion,Does this image contain any finding?,Yes
1770,image_1770.jpg,Lesion Type Identification,"Does this endoscopic image reveal any pathological findings? If so, could you identify the specific type?",erosion,Does this image contain any finding?,Yes
1771,image_1771.jpg,Lesion Type Identification,"Does this image reveal any pathological findings, and if so, what specific type of anomaly could it be?",erosion,Does this image contain any finding?,Yes
1772,image_1772.jpg,Lesion Type Identification,"Does this image reveal any pathological findings? If it does, please characterize the nature of the identified abnormality.",erosion,Does this image contain any finding?,Yes
1773,image_1773.jpg,Lesion Type Identification,"Does this image reveal any pathological findings, and if so, what specific type of anomaly can be identified?",erosion,Does this image contain any finding?,Yes
1774,image_1774.jpg,Lesion Type Identification,"Does this image reveal any atypical findings, and if so, what specific type of anomaly could it be?",erosion,Does this image contain any finding?,Yes
1775,image_1775.jpg,Lesion Type Identification,"Does this image reveal any pathological findings, and if so, what specific type of anomaly could it indicate?",erosion,Does this image contain any finding?,Yes
1776,image_1776.jpg,Lesion Type Identification,"Examine the provided endoscopic image and indicate whether any pathological findings are present. If so, please specify the nature of these findings.",erythema,Does this image contain any finding?,Yes
1777,image_1777.jpg,Lesion Type Identification,"Examine the provided endoscopic image and indicate whether any pathological findings are present. If so, please specify the nature of the abnormalities observed.",erythema,Does this image contain any finding?,Yes
1778,image_1778.jpg,Lesion Type Identification,"Examine the provided endoscopic image and indicate whether any pathological findings are present. If so, please specify the nature of the abnormalities observed.",erythema,Does this image contain any finding?,Yes
1779,image_1779.jpg,Lesion Type Identification,"Analyze this endoscopic image for any pathological findings. Should any be identified, what classifications do they fall under?",erythema,Does this image contain any finding?,Yes
1780,image_1780.jpg,Lesion Type Identification,"Could you analyze this endoscopic image and determine whether any pathological findings are present? If abnormalities are identified, what specific types might they be?",erythema,Does this image contain any finding?,Yes
1781,image_1781.jpg,Lesion Type Identification,"Does this image reveal any pathological findings? If it does, please characterize the nature of the abnormality observed.",erythema,Does this image contain any finding?,Yes
1782,image_1782.jpg,Lesion Type Identification,What specific pathological finding can be discerned from the provided endoscopic image?,erythema,Does this image contain any finding?,Yes
1783,image_1783.jpg,Lesion Type Identification,"Examine this endoscopic image and indicate whether any pathological findings are present. If abnormalities are detected, please identify their specific nature.",erythema,Does this image contain any finding?,Yes
1784,image_1784.jpg,Lesion Type Identification,"Does this image reveal any pathological findings, and if so, what specific type of anomaly could it be?",erythema,Does this image contain any finding?,Yes
1785,image_1785.jpg,Lesion Type Identification,"Please analyze the provided endoscopic image and determine whether any pathological findings are present. If abnormalities are identified, what specific types could they be?",erythema,Does this image contain any finding?,Yes
1786,image_1786.jpg,Lesion Type Identification,"Does this endoscopic image reveal any pathological findings? If so, could you identify the specific nature of the anomaly?",erythema,Does this image contain any finding?,Yes
1787,image_1787.jpg,Lesion Type Identification,"Analyze this endoscopic image for any pathological findings. Should any be identified, what classifications do they fall under?",erythema,Does this image contain any finding?,Yes
1788,image_1788.jpg,Lesion Type Identification,"Does this image reveal any pathological findings, and if so, what specific type of anomaly could it be?",erythema,Does this image contain any finding?,Yes
1789,image_1789.jpg,Lesion Type Identification,What specific pathological finding can be discerned from the provided endoscopic image?,erythema,Does this image contain any finding?,Yes
1790,image_1790.jpg,Lesion Type Identification,"Examine the provided endoscopic image and indicate whether any pathological findings are present. If so, please specify the nature of these findings.",erythema,Does this image contain any finding?,Yes
1791,image_1791.jpg,Lesion Type Identification,"Examine this endoscopic image and indicate whether any pathological findings are present. If abnormalities are detected, please identify their specific nature.",erythema,Does this image contain any finding?,Yes
1792,image_1792.jpg,Lesion Type Identification,"Does this endoscopic image reveal any pathological findings? If so, could you identify the specific type?",erythema,Does this image contain any finding?,Yes
1793,image_1793.jpg,Lesion Type Identification,"Please analyze the provided endoscopic image and determine whether any pathological findings are present. If abnormalities are identified, could you specify their nature?",erythema,Does this image contain any finding?,Yes
1794,image_1794.jpg,Lesion Type Identification,"Does this endoscopic image reveal any pathological findings? If so, could you identify the specific type?",erythema,Does this image contain any finding?,Yes
1795,image_1795.jpg,Lesion Type Identification,"Could you analyze this endoscopic image and determine whether any pathological findings are present? If abnormalities are identified, what specific types might they be?",erythema,Does this image contain any finding?,Yes
1796,image_1796.jpg,Lesion Type Identification,"Examine this endoscopic image for potential irregularities. Should any be identified, what specific type of abnormality could be present?",lymphangiectasia,Does this image contain any finding?,Yes
1797,image_1797.jpg,Lesion Type Identification,"Examine this endoscopic image and indicate whether any pathological findings are present. If abnormalities are detected, please identify their specific nature.",lymphangiectasia,Does this image contain any finding?,Yes
1798,image_1798.jpg,Lesion Type Identification,"Analyze this endoscopic image for any pathological findings. Should abnormalities be identified, what classifications do they fall under?",lymphangiectasia,Does this image contain any finding?,Yes
1799,image_1799.jpg,Lesion Type Identification,"Examine this endoscopic image for any irregularities. Should any be identified, what specific type of abnormality can be discerned?",lymphangiectasia,Does this image contain any finding?,Yes
1800,image_1800.jpg,Lesion Type Identification,"Examine this endoscopic image for potential irregularities. If any are identified, what specific type of abnormality can be discerned?",lymphangiectasia,Does this image contain any finding?,Yes
1801,image_1801.jpg,Lesion Type Identification,What specific pathological finding can be discerned from the provided endoscopic image?,lymphangiectasia,Does this image contain any finding?,Yes
1802,image_1802.jpg,Lesion Type Identification,"Can you identify any pathological findings in this image? If present, please characterize the nature of the abnormality.",lymphangiectasia,Does this image contain any finding?,Yes
1803,image_1803.jpg,Lesion Type Identification,"Examine this endoscopic image for any irregularities. Should any be identified, what specific type of abnormality can be discerned?",lymphangiectasia,Does this image contain any finding?,Yes
1804,image_1804.jpg,Lesion Type Identification,"Examine this endoscopic image and indicate whether any pathological findings are present. If abnormalities are detected, please identify their specific nature.",lymphangiectasia,Does this image contain any finding?,Yes
1805,image_1805.jpg,Lesion Type Identification,"Examine the provided endoscopic image and indicate whether any pathological findings are present. If so, please specify the nature of these findings.",lymphangiectasia,Does this image contain any finding?,Yes
1806,image_1806.jpg,Lesion Type Identification,"Does this endoscopic image reveal any pathological findings? If so, could you identify the specific type?",lymphangiectasia,Does this image contain any finding?,Yes
1807,image_1807.jpg,Lesion Type Identification,What specific pathological finding can be discerned from the provided endoscopic image?,lymphangiectasia,Does this image contain any finding?,Yes
1808,image_1808.jpg,Lesion Type Identification,"Can you identify any pathological findings in this image? If present, please characterize the nature of the abnormality.",lymphangiectasia,Does this image contain any finding?,Yes
1809,image_1809.jpg,Lesion Type Identification,"Examine this endoscopic image and indicate whether any pathological findings are present. If abnormalities are detected, please identify their specific nature.",lymphangiectasia,Does this image contain any finding?,Yes
1810,image_1810.jpg,Lesion Type Identification,"Examine this endoscopic image for any potential irregularities. Should any be identified, what specific type of abnormality could be present?",lymphangiectasia,Does this image contain any finding?,Yes
1811,image_1811.jpg,Lesion Type Identification,"Analyze this endoscopic image for any pathological findings. Should any be identified, what classifications do they fall under?",lymphangiectasia,Does this image contain any finding?,Yes
1812,image_1812.jpg,Lesion Type Identification,"Does this image reveal any atypical findings, and if so, what specific type of anomaly could it be?",lymphangiectasia,Does this image contain any finding?,Yes
1813,image_1813.jpg,Lesion Type Identification,"Examine this endoscopic image and indicate whether any pathological findings are present. If abnormalities are identified, please specify their nature.",lymphangiectasia,Does this image contain any finding?,Yes
1814,image_1814.jpg,Lesion Type Identification,"Examine this endoscopic image for any potential irregularities. Should any be identified, what specific type of abnormality could be present?",lymphangiectasia,Does this image contain any finding?,Yes
1815,image_1815.jpg,Lesion Type Identification,What specific pathological finding can be discerned from the provided endoscopic image?,lymphangiectasia,Does this image contain any finding?,Yes
1816,image_1816.jpg,Lesion Type Identification,"Analyze this endoscopic image for any pathological findings. Should any be identified, what classifications do they fall under?",ulcer,Does this image contain any finding?,Yes
1817,image_1817.jpg,Lesion Type Identification,"Examine this endoscopic image for potential irregularities. Should any be identified, what specific type of abnormality could be present?",ulcer,Does this image contain any finding?,Yes
1818,image_1818.jpg,Lesion Type Identification,"Examine this endoscopic image and indicate whether any pathological findings are present. If abnormalities are detected, please identify their specific nature.",ulcer,Does this image contain any finding?,Yes
1819,image_1819.jpg,Lesion Type Identification,What specific abnormality can be discerned from the findings presented in this endoscopic image?,ulcer,Does this image contain any finding?,Yes
1820,image_1820.jpg,Lesion Type Identification,"Examine the provided endoscopic image and indicate whether any pathological findings are present. If so, please specify the nature of the abnormalities observed.",ulcer,Does this image contain any finding?,Yes
1821,image_1821.jpg,Lesion Type Identification,What specific pathological finding can be discerned from the provided endoscopic image?,ulcer,Does this image contain any finding?,Yes
1822,image_1822.jpg,Lesion Type Identification,"Examine the provided endoscopic image and indicate whether any pathological findings are present. If so, please specify the nature of the abnormalities observed.",ulcer,Does this image contain any finding?,Yes
1823,image_1823.jpg,Lesion Type Identification,"Analyze this endoscopic image for any pathological findings. Should any be identified, what classifications do they fall under?",ulcer,Does this image contain any finding?,Yes
1824,image_1824.jpg,Lesion Type Identification,What specific pathological finding can be discerned from the provided endoscopic image?,ulcer,Does this image contain any finding?,Yes
1825,image_1825.jpg,Lesion Type Identification,"Can you identify any pathological findings in this image? If present, please characterize the nature of the abnormality.",ulcer,Does this image contain any finding?,Yes
1826,image_1826.jpg,Lesion Type Identification,"Examine this endoscopic image for potential irregularities. Should any be identified, what specific type of abnormality can be discerned?",ulcer,Does this image contain any finding?,Yes
1827,image_1827.jpg,Lesion Type Identification,"Examine this endoscopic image for any irregularities. Should any be identified, what specific type of abnormality can be discerned?",ulcer,Does this image contain any finding?,Yes
1828,image_1828.jpg,Lesion Type Identification,"Does this image reveal any pathological findings? If it does, please characterize the nature of the abnormality observed.",ulcer,Does this image contain any finding?,Yes
1829,image_1829.jpg,Lesion Type Identification,"Could you assess this endoscopic image for any pathological findings? If abnormalities are identified, what classifications do they fall under?",ulcer,Does this image contain any finding?,Yes
1830,image_1830.jpg,Lesion Type Identification,What specific abnormality can be discerned from the findings presented in this endoscopic image?,ulcer,Does this image contain any finding?,Yes
1831,image_1831.jpg,Lesion Type Identification,"Analyze this endoscopic image for any pathological findings. Should any be identified, what classifications do they fall under?",ulcer,Does this image contain any finding?,Yes
1832,image_1832.jpg,Lesion Type Identification,"Analyze this endoscopic image for any pathological findings. Should any be identified, what classifications do they fall under?",ulcer,Does this image contain any finding?,Yes
1833,image_1833.jpg,Lesion Type Identification,What specific abnormality can be discerned from the findings presented in this endoscopic image?,ulcer,Does this image contain any finding?,Yes
1834,image_1834.jpg,Lesion Type Identification,"Examine the provided endoscopic image and indicate whether any pathological findings are present. If so, please specify the nature of these findings.",ulcer,Does this image contain any finding?,Yes
1835,image_1835.jpg,Lesion Type Identification,"Does this endoscopic image reveal any pathological findings? If so, could you identify the specific type?",ulcer,Does this image contain any finding?,Yes
1836,image_1836.jpg,Lesion Type Identification,"Does this endoscopic image reveal any pathological findings? If so, could you identify the specific type?",angiectasia,Does this image contain any finding?,Yes
1837,image_1837.jpg,Lesion Type Identification,"Could you analyze this endoscopic image and determine whether any pathological findings are present? If abnormalities are identified, what specific types might they be?",angiectasia,Does this image contain any finding?,Yes
1838,image_1838.jpg,Lesion Type Identification,"Analyze this endoscopic image for any pathological findings. Should any be identified, what classifications do they fall under?",angiectasia,Does this image contain any finding?,Yes
1839,image_1839.jpg,Lesion Type Identification,"Examine this endoscopic image for any potential irregularities. If any are identified, what specific type of abnormality could be present?",angiectasia,Does this image contain any finding?,Yes
1840,image_1840.jpg,Lesion Type Identification,What specific pathological finding can be discerned from the provided endoscopic image?,angiectasia,Does this image contain any finding?,Yes
1841,image_1841.jpg,Lesion Type Identification,"Does this endoscopic image reveal any pathological findings? If so, could you identify the specific type?",angiectasia,Does this image contain any finding?,Yes
1842,image_1842.jpg,Lesion Type Identification,"Examine this endoscopic image for any irregularities. If any are identified, what specific type of abnormality can be discerned?",angiectasia,Does this image contain any finding?,Yes
1843,image_1843.jpg,Lesion Type Identification,"Could you analyze this endoscopic image and determine whether any pathological findings are present? If abnormalities are identified, what specific type might they be?",angiectasia,Does this image contain any finding?,Yes
1844,image_1844.jpg,Lesion Type Identification,"Examine this endoscopic image for any potential irregularities. If any are identified, what specific type of abnormality can be discerned?",angiectasia,Does this image contain any finding?,Yes
1845,image_1845.jpg,Lesion Type Identification,"Examine this endoscopic image and indicate whether any pathological findings are present. If abnormalities are detected, please identify their specific nature.",angiectasia,Does this image contain any finding?,Yes
1846,image_1846.jpg,Lesion Type Identification,What specific pathological finding can be discerned from the provided endoscopic image?,angiectasia,Does this image contain any finding?,Yes
1847,image_1847.jpg,Lesion Type Identification,"Please analyze the provided endoscopic image and determine whether any pathological findings are present. If abnormalities are identified, could you specify their nature?",angiectasia,Does this image contain any finding?,Yes
1848,image_1848.jpg,Lesion Type Identification,"Examine the provided endoscopic image and indicate whether any pathological findings are present. If so, please specify the nature of the abnormalities observed.",angiectasia,Does this image contain any finding?,Yes
1849,image_1849.jpg,Lesion Type Identification,"Please analyze the provided endoscopic image and determine whether any pathological findings are present. If abnormalities are identified, what specific types might they be?",angiectasia,Does this image contain any finding?,Yes
1850,image_1850.jpg,Lesion Type Identification,"Analyze this endoscopic image for any pathological findings. Should any be identified, what classifications do they fall under?",angiectasia,Does this image contain any finding?,Yes
1851,image_1851.jpg,Lesion Type Identification,"Does this image reveal any pathological findings? If it does, please specify the nature of the identified abnormality.",angiectasia,Does this image contain any finding?,Yes
1852,image_1852.jpg,Lesion Type Identification,"Does this image reveal any pathological findings, and if so, what specific type of anomaly could it be?",angiectasia,Does this image contain any finding?,Yes
1853,image_1853.jpg,Lesion Type Identification,"Examine the provided endoscopic image and indicate whether any pathological findings are present. If so, please specify the nature of these findings.",angiectasia,Does this image contain any finding?,Yes
1854,image_1854.jpg,Lesion Type Identification,"Does this image reveal any pathological findings, and if so, what specific type of anomaly is identified?",angiectasia,Does this image contain any finding?,Yes
1855,image_1855.jpg,Lesion Type Identification,"Examine this endoscopic image for any irregularities. If any are identified, what specific type of abnormality can be discerned?",angiectasia,Does this image contain any finding?,Yes
1856,image_1856.jpg,Lesion Type Identification,"Analyze this endoscopic image for any pathological findings. Should any be identified, what classifications do they fall under?",foreign body,Does this image contain any finding?,Yes
1857,image_1857.jpg,Lesion Type Identification,"Could you analyze this endoscopic image and determine whether any pathological findings are present? If abnormalities are identified, what specific type might they be?",foreign body,Does this image contain any finding?,Yes
1858,image_1858.jpg,Lesion Type Identification,What specific abnormality can be discerned from the findings presented in this endoscopic image?,foreign body,Does this image contain any finding?,Yes
1859,image_1859.jpg,Lesion Type Identification,"Does this endoscopic image reveal any pathological findings? If so, could you identify the specific nature of the anomaly?",foreign body,Does this image contain any finding?,Yes
1860,image_1860.jpg,Lesion Type Identification,"Does this image reveal any pathological findings? If it does, please characterize the nature of the identified anomaly.",foreign body,Does this image contain any finding?,Yes
1861,image_1861.jpg,Lesion Type Identification,"Analyze this endoscopic image for any pathological findings. Should any be identified, what classifications do they fall under?",foreign body,Does this image contain any finding?,Yes
1862,image_1862.jpg,Lesion Type Identification,What specific pathological finding can be discerned from the examination of this endoscopic image?,foreign body,Does this image contain any finding?,Yes
1863,image_1863.jpg,Lesion Type Identification,"Examine this endoscopic image for any irregularities. Should any be identified, what specific type of abnormality could be present?",foreign body,Does this image contain any finding?,Yes
1864,image_1864.jpg,Lesion Type Identification,"Could you analyze this endoscopic image and determine whether any pathological findings are present? If abnormalities are identified, what specific type might they be?",foreign body,Does this image contain any finding?,Yes
1865,image_1865.jpg,Lesion Type Identification,"Examine the provided endoscopic image and indicate whether any pathological findings are present. If so, please specify the nature of the abnormalities observed.",foreign body,Does this image contain any finding?,Yes
1866,image_1866.jpg,Lesion Type Identification,"Analyze this endoscopic image for any pathological findings. Should any be identified, what classification do they fall under?",foreign body,Does this image contain any finding?,Yes
1867,image_1867.jpg,Lesion Type Identification,"Assess this endoscopic image for any pathological findings. Should abnormalities be identified, what classifications do they fall under?",foreign body,Does this image contain any finding?,Yes
1868,image_1868.jpg,Lesion Type Identification,"Could you analyze this endoscopic image and determine whether any pathological findings are present? If abnormalities are identified, what specific types might they be?",foreign body,Does this image contain any finding?,Yes
1869,image_1869.jpg,Lesion Type Identification,"Does this endoscopic image reveal any pathological findings? If so, could you identify the specific type?",foreign body,Does this image contain any finding?,Yes
1870,image_1870.jpg,Lesion Type Identification,"Could you analyze this endoscopic image and determine whether any pathological findings are present? If abnormalities are identified, what specific type might they be?",foreign body,Does this image contain any finding?,Yes
1871,image_1871.jpg,Lesion Type Identification,"Can you identify any pathological findings in this image? If present, please characterize the nature of the abnormality.",foreign body,Does this image contain any finding?,Yes
1872,image_1872.jpg,Lesion Type Identification,"Examine the provided endoscopic image and indicate whether any pathological findings are present. If so, please specify the nature of these findings.",foreign body,Does this image contain any finding?,Yes
1873,image_1873.jpg,Lesion Type Identification,"Does this image reveal any atypical findings, and if so, what specific type of anomaly could it be?",foreign body,Does this image contain any finding?,Yes
1874,image_1874.jpg,Lesion Type Identification,"Analyze this endoscopic image for any pathological findings. Should any be identified, what classifications do they fall under?",foreign body,Does this image contain any finding?,Yes
1875,image_1875.jpg,Lesion Type Identification,"Examine this endoscopic image and indicate whether any pathological findings are present. If abnormalities are detected, please identify their specific nature.",foreign body,Does this image contain any finding?,Yes
1876,image_1876.jpg,Lesion Type Identification,What specific pathological finding can be discerned from the provided endoscopic image?,No abnormality,Does this image contain any finding?,No
1877,image_1877.jpg,Lesion Type Identification,"Examine the provided endoscopic image and indicate whether any pathological findings are present. If so, please specify the nature of the abnormalities observed.",No abnormality,Does this image contain any finding?,No
1878,image_1878.jpg,Lesion Type Identification,"Examine the provided endoscopic image and indicate whether any pathological findings are present. If so, please specify the nature of the abnormalities observed.",No abnormality,Does this image contain any finding?,No
1879,image_1879.jpg,Lesion Type Identification,"Please analyze the provided endoscopic image and determine whether any pathological findings are present. If abnormalities are identified, could you specify their nature?",No abnormality,Does this image contain any finding?,No
1880,image_1880.jpg,Lesion Type Identification,"Does this endoscopic image reveal any pathological findings? If so, could you identify the specific type?",No abnormality,Does this image contain any finding?,No
1881,image_1881.jpg,Lesion Type Identification,"Examine the provided endoscopic image and indicate whether any pathological findings are present. If so, please specify the nature of the abnormalities observed.",No abnormality,Does this image contain any finding?,No
1882,image_1882.jpg,Lesion Type Identification,"Can you identify any pathological findings in this image? If present, please characterize the nature of the abnormality.",No abnormality,Does this image contain any finding?,No
1883,image_1883.jpg,Lesion Type Identification,"Does this image reveal any pathological findings? If it does, please characterize the nature of the identified anomaly.",No abnormality,Does this image contain any finding?,No
1884,image_1884.jpg,Lesion Type Identification,"Does this image reveal any pathological findings, and if so, what specific type of anomaly can be identified?",No abnormality,Does this image contain any finding?,No
1885,image_1885.jpg,Lesion Type Identification,"Examine this endoscopic image for any irregularities. Should any be identified, what specific type of abnormality can be discerned?",No abnormality,Does this image contain any finding?,No
1886,image_1886.jpg,Lesion Type Identification,"Examine this endoscopic image for any irregularities. Should any be identified, what specific type of abnormality can be discerned?",No abnormality,Does this image contain any finding?,No
1887,image_1887.jpg,Lesion Type Identification,"Please analyze the provided endoscopic image and determine whether any pathological findings are present. If abnormalities are identified, could you specify their nature?",No abnormality,Does this image contain any finding?,No
1888,image_1888.jpg,Lesion Type Identification,What specific pathological finding can be discerned from the provided endoscopic image?,No abnormality,Does this image contain any finding?,No
1889,image_1889.jpg,Lesion Type Identification,"Does this image reveal any pathological findings? If it does, please characterize the nature of the abnormality observed.",No abnormality,Does this image contain any finding?,No
1890,image_1890.jpg,Lesion Type Identification,"Does this image reveal any pathological findings? If it does, please characterize the nature of the identified abnormality.",No abnormality,Does this image contain any finding?,No
1891,image_1891.jpg,Lesion Type Identification,"Does this image reveal any pathological findings? If it does, please specify the nature of the identified abnormality.",No abnormality,Does this image contain any finding?,No
1892,image_1892.jpg,Lesion Type Identification,"Does this image reveal any pathological findings, and if so, what specific type of anomaly can be identified?",No abnormality,Does this image contain any finding?,No
1893,image_1893.jpg,Lesion Type Identification,"Examine the provided endoscopic image and indicate whether any pathological findings are present. If so, please specify the nature of the abnormalities observed.",No abnormality,Does this image contain any finding?,No
1894,image_1894.jpg,Lesion Type Identification,"Could you analyze this endoscopic image and determine whether any pathological findings are present? If abnormalities are identified, what specific type might they be?",No abnormality,Does this image contain any finding?,No
1895,image_1895.jpg,Lesion Type Identification,"Can you identify any pathological findings in this image? If present, please characterize the nature of the abnormality.",No abnormality,Does this image contain any finding?,No
1896,image_1896.jpg,Lesion Type Identification,"Does this image reveal any pathological findings? If it does, please characterize the nature of the identified abnormality.",ulcerative colitis,Does this image contain any finding?,Yes
1896,image_1896.jpg,Lesion Type Identification,"Does this image reveal any pathological findings? If it does, please characterize the nature of the identified abnormality.",ulcerative colitis,Are there any abnormalities in the image? Check all that are present.,Ulcerative Colitis
1897,image_1897.jpg,Lesion Type Identification,"Could you analyze this endoscopic image and determine whether any pathological findings are present? If abnormalities are identified, what specific conditions might they suggest?",ulcerative colitis,Does this image contain any finding?,Yes
1897,image_1897.jpg,Lesion Type Identification,"Could you analyze this endoscopic image and determine whether any pathological findings are present? If abnormalities are identified, what specific conditions might they suggest?",ulcerative colitis,Are there any abnormalities in the image? Check all that are present.,Ulcerative Colitis
1898,image_1898.jpg,Lesion Type Identification,"Does this image reveal any pathological findings? If it does, please specify the nature of the identified abnormality.",ulcerative colitis,Does this image contain any finding?,Yes
1898,image_1898.jpg,Lesion Type Identification,"Does this image reveal any pathological findings? If it does, please specify the nature of the identified abnormality.",ulcerative colitis,Are there any abnormalities in the image? Check all that are present.,Ulcerative Colitis
1899,image_1899.jpg,Lesion Type Identification,"Does this image reveal any pathological findings, and if so, what specific type of anomaly could it indicate?",ulcerative colitis,Does this image contain any finding?,Yes
1899,image_1899.jpg,Lesion Type Identification,"Does this image reveal any pathological findings, and if so, what specific type of anomaly could it indicate?",ulcerative colitis,Are there any abnormalities in the image? Check all that are present.,Ulcerative Colitis
1900,image_1900.jpg,Lesion Type Identification,What specific pathological finding can be discerned from the examination of this endoscopic image?,ulcerative colitis,Does this image contain any finding?,Yes
1900,image_1900.jpg,Lesion Type Identification,What specific pathological finding can be discerned from the examination of this endoscopic image?,ulcerative colitis,Are there any abnormalities in the image? Check all that are present.,Ulcerative Colitis
1901,image_1901.jpg,Lesion Type Identification,"Does this image reveal any pathological findings, and if so, what specific type of anomaly could it indicate?",ulcerative colitis,Does this image contain any finding?,Yes
1901,image_1901.jpg,Lesion Type Identification,"Does this image reveal any pathological findings, and if so, what specific type of anomaly could it indicate?",ulcerative colitis,Are there any abnormalities in the image? Check all that are present.,Ulcerative Colitis
1902,image_1902.jpg,Lesion Type Identification,"Please analyze the provided endoscopic image and determine whether any pathological findings are present. If abnormalities are identified, could you specify their nature?",ulcerative colitis,Does this image contain any finding?,Yes
1902,image_1902.jpg,Lesion Type Identification,"Please analyze the provided endoscopic image and determine whether any pathological findings are present. If abnormalities are identified, could you specify their nature?",ulcerative colitis,Are there any abnormalities in the image? Check all that are present.,Ulcerative Colitis
1903,image_1903.jpg,Lesion Type Identification,"Does this endoscopic image reveal any pathological findings? If so, could you identify the specific condition?",ulcerative colitis,Does this image contain any finding?,Yes
1903,image_1903.jpg,Lesion Type Identification,"Does this endoscopic image reveal any pathological findings? If so, could you identify the specific condition?",ulcerative colitis,Are there any abnormalities in the image? Check all that are present.,Ulcerative Colitis
1904,image_1904.jpg,Lesion Type Identification,"Examine this endoscopic image for any pathological findings. If any are identified, what specific type of anomaly could be present?",ulcerative colitis,Does this image contain any finding?,Yes
1904,image_1904.jpg,Lesion Type Identification,"Examine this endoscopic image for any pathological findings. If any are identified, what specific type of anomaly could be present?",ulcerative colitis,Are there any abnormalities in the image? Check all that are present.,Ulcerative Colitis
1905,image_1905.jpg,Lesion Type Identification,"Examine this endoscopic image for potential irregularities. If any are identified, what specific type of abnormality can be discerned?",ulcerative colitis,Does this image contain any finding?,Yes
1905,image_1905.jpg,Lesion Type Identification,"Examine this endoscopic image for potential irregularities. If any are identified, what specific type of abnormality can be discerned?",ulcerative colitis,Are there any abnormalities in the image? Check all that are present.,Ulcerative Colitis
1906,image_1906.jpg,Lesion Type Identification,"Examine the provided endoscopic image and indicate whether any pathological findings are present. If abnormalities are detected, please identify their specific nature.",ulcerative colitis,Does this image contain any finding?,Yes
1906,image_1906.jpg,Lesion Type Identification,"Examine the provided endoscopic image and indicate whether any pathological findings are present. If abnormalities are detected, please identify their specific nature.",ulcerative colitis,Are there any abnormalities in the image? Check all that are present.,Ulcerative Colitis
1907,image_1907.jpg,Lesion Type Identification,"Analyze this endoscopic image for any pathological findings. Should any be identified, what classifications do they fall under?",ulcerative colitis,Does this image contain any finding?,Yes
1907,image_1907.jpg,Lesion Type Identification,"Analyze this endoscopic image for any pathological findings. Should any be identified, what classifications do they fall under?",ulcerative colitis,Are there any abnormalities in the image? Check all that are present.,Ulcerative Colitis
1908,image_1908.jpg,Lesion Type Identification,"Please analyze the provided endoscopic image and determine whether any pathological findings are present. If abnormalities are identified, what specific conditions could they indicate?",ulcerative colitis,Does this image contain any finding?,Yes
1908,image_1908.jpg,Lesion Type Identification,"Please analyze the provided endoscopic image and determine whether any pathological findings are present. If abnormalities are identified, what specific conditions could they indicate?",ulcerative colitis,Are there any abnormalities in the image? Check all that are present.,Ulcerative Colitis
1909,image_1909.jpg,Lesion Type Identification,"Examine this endoscopic image for any pathological findings. If any are identified, what specific type of abnormality can be discerned?",ulcerative colitis,Does this image contain any finding?,Yes
1909,image_1909.jpg,Lesion Type Identification,"Examine this endoscopic image for any pathological findings. If any are identified, what specific type of abnormality can be discerned?",ulcerative colitis,Are there any abnormalities in the image? Check all that are present.,Ulcerative Colitis
1910,image_1910.jpg,Lesion Type Identification,"Does this endoscopic visualization reveal any pathological findings? If so, could you identify the specific condition?",ulcerative colitis,Does this image contain any finding?,Yes
1910,image_1910.jpg,Lesion Type Identification,"Does this endoscopic visualization reveal any pathological findings? If so, could you identify the specific condition?",ulcerative colitis,Are there any abnormalities in the image? Check all that are present.,Ulcerative Colitis
1911,image_1911.jpg,Lesion Type Identification,"Does the endoscopic image reveal any pathological findings? If so, could you identify the specific condition?",ulcerative colitis,Does this image contain any finding?,Yes
1911,image_1911.jpg,Lesion Type Identification,"Does the endoscopic image reveal any pathological findings? If so, could you identify the specific condition?",ulcerative colitis,Are there any abnormalities in the image? Check all that are present.,Ulcerative Colitis
1912,image_1912.jpg,Lesion Type Identification,"Can you identify any pathological findings in this image? If present, please characterize the nature of the abnormality.",ulcerative colitis,Does this image contain any finding?,Yes
1912,image_1912.jpg,Lesion Type Identification,"Can you identify any pathological findings in this image? If present, please characterize the nature of the abnormality.",ulcerative colitis,Are there any abnormalities in the image? Check all that are present.,Ulcerative Colitis
1913,image_1913.jpg,Lesion Type Identification,"Does this image reveal any pathological findings, and if so, what specific type of anomaly could it indicate?",ulcerative colitis,Does this image contain any finding?,Yes
1913,image_1913.jpg,Lesion Type Identification,"Does this image reveal any pathological findings, and if so, what specific type of anomaly could it indicate?",ulcerative colitis,Are there any abnormalities in the image? Check all that are present.,Ulcerative Colitis
1914,image_1914.jpg,Lesion Type Identification,"Can you identify any pathological findings in this image? If present, please characterize the nature of the abnormality.",ulcerative colitis,Does this image contain any finding?,Yes
1914,image_1914.jpg,Lesion Type Identification,"Can you identify any pathological findings in this image? If present, please characterize the nature of the abnormality.",ulcerative colitis,Are there any abnormalities in the image? Check all that are present.,Ulcerative Colitis
1915,image_1915.jpg,Lesion Type Identification,"Examine this endoscopic image for any pathological findings. If abnormalities are identified, what specific type of condition could be indicated?",ulcerative colitis,Does this image contain any finding?,Yes
1915,image_1915.jpg,Lesion Type Identification,"Examine this endoscopic image for any pathological findings. If abnormalities are identified, what specific type of condition could be indicated?",ulcerative colitis,Are there any abnormalities in the image? Check all that are present.,Ulcerative Colitis
1916,image_1916.jpg,Lesion Type Identification,What specific pathological finding can be discerned from the provided endoscopic image?,polyps,Does this image contain any finding?,Yes
1916,image_1916.jpg,Lesion Type Identification,What specific pathological finding can be discerned from the provided endoscopic image?,polyps,Are there any abnormalities in the image? Check all that are present.,Polyp
1917,image_1917.jpg,Lesion Type Identification,"Examine the provided endoscopic image and indicate whether any pathological findings are present. If abnormalities are detected, please identify their specific nature.",polyps,Does this image contain any finding?,Yes
1917,image_1917.jpg,Lesion Type Identification,"Examine the provided endoscopic image and indicate whether any pathological findings are present. If abnormalities are detected, please identify their specific nature.",polyps,Are there any abnormalities in the image? Check all that are present.,Polyp
1918,image_1918.jpg,Lesion Type Identification,"Examine the provided endoscopic image and indicate whether any pathological findings are present. If so, please specify the nature of these findings.",polyps,Does this image contain any finding?,Yes
1918,image_1918.jpg,Lesion Type Identification,"Examine the provided endoscopic image and indicate whether any pathological findings are present. If so, please specify the nature of these findings.",polyps,Are there any abnormalities in the image? Check all that are present.,Polyp
1919,image_1919.jpg,Lesion Type Identification,"Does this image reveal any pathological findings, and if so, what specific type of anomaly could it indicate?",polyps,Does this image contain any finding?,Yes
1919,image_1919.jpg,Lesion Type Identification,"Does this image reveal any pathological findings, and if so, what specific type of anomaly could it indicate?",polyps,Are there any abnormalities in the image? Check all that are present.,Polyp
1920,image_1920.jpg,Lesion Type Identification,What specific pathological finding can be discerned from the provided endoscopic image?,polyps,Does this image contain any finding?,Yes
1920,image_1920.jpg,Lesion Type Identification,What specific pathological finding can be discerned from the provided endoscopic image?,polyps,Are there any abnormalities in the image? Check all that are present.,Polyp
1921,image_1921.jpg,Lesion Type Identification,"Does this image reveal any pathological findings, and if so, what specific type of anomaly could it indicate?",polyps,Does this image contain any finding?,Yes
1921,image_1921.jpg,Lesion Type Identification,"Does this image reveal any pathological findings, and if so, what specific type of anomaly could it indicate?",polyps,Are there any abnormalities in the image? Check all that are present.,Polyp
1922,image_1922.jpg,Lesion Type Identification,"Examine this endoscopic image for any pathological findings. If abnormalities are identified, what specific type of lesion is evident?",polyps,Does this image contain any finding?,Yes
1922,image_1922.jpg,Lesion Type Identification,"Examine this endoscopic image for any pathological findings. If abnormalities are identified, what specific type of lesion is evident?",polyps,Are there any abnormalities in the image? Check all that are present.,Polyp
1923,image_1923.jpg,Lesion Type Identification,"Analyze this endoscopic image for any pathological findings. Should any be identified, what classifications do they fall under?",polyps,Does this image contain any finding?,Yes
1923,image_1923.jpg,Lesion Type Identification,"Analyze this endoscopic image for any pathological findings. Should any be identified, what classifications do they fall under?",polyps,Are there any abnormalities in the image? Check all that are present.,Polyp
1924,image_1924.jpg,Lesion Type Identification,"Analyze this endoscopic image for any pathological findings. Should abnormalities be present, what classifications do they fall under?",polyps,Does this image contain any finding?,Yes
1924,image_1924.jpg,Lesion Type Identification,"Analyze this endoscopic image for any pathological findings. Should abnormalities be present, what classifications do they fall under?",polyps,Are there any abnormalities in the image? Check all that are present.,Polyp
1925,image_1925.jpg,Lesion Type Identification,"Does this image reveal any pathological findings? If it does, please characterize the nature of the identified abnormality.",polyps,Does this image contain any finding?,Yes
1925,image_1925.jpg,Lesion Type Identification,"Does this image reveal any pathological findings? If it does, please characterize the nature of the identified abnormality.",polyps,Are there any abnormalities in the image? Check all that are present.,Polyp
1926,image_1926.jpg,Lesion Type Identification,"Does the endoscopic image reveal any pathological findings? If so, could you identify the specific condition?",polyps,Does this image contain any finding?,Yes
1926,image_1926.jpg,Lesion Type Identification,"Does the endoscopic image reveal any pathological findings? If so, could you identify the specific condition?",polyps,Are there any abnormalities in the image? Check all that are present.,Polyp
1927,image_1927.jpg,Lesion Type Identification,"Examine this endoscopic image for any irregularities. Should any be identified, what specific type of abnormality could be present?",polyps,Does this image contain any finding?,Yes
1927,image_1927.jpg,Lesion Type Identification,"Examine this endoscopic image for any irregularities. Should any be identified, what specific type of abnormality could be present?",polyps,Are there any abnormalities in the image? Check all that are present.,Polyp
1928,image_1928.jpg,Lesion Type Identification,What specific pathological finding can be discerned from the examination of this endoscopic image?,polyps,Does this image contain any finding?,Yes
1928,image_1928.jpg,Lesion Type Identification,What specific pathological finding can be discerned from the examination of this endoscopic image?,polyps,Are there any abnormalities in the image? Check all that are present.,Polyp
1929,image_1929.jpg,Lesion Type Identification,"Examine the provided endoscopic image and indicate whether any pathological findings are present. If so, please specify the nature of the abnormalities observed.",polyps,Does this image contain any finding?,Yes
1929,image_1929.jpg,Lesion Type Identification,"Examine the provided endoscopic image and indicate whether any pathological findings are present. If so, please specify the nature of the abnormalities observed.",polyps,Are there any abnormalities in the image? Check all that are present.,Polyp
1930,image_1930.jpg,Lesion Type Identification,"Examine the provided endoscopic image and indicate whether any pathological findings are present. If so, please specify the nature of these findings.",polyps,Does this image contain any finding?,Yes
1930,image_1930.jpg,Lesion Type Identification,"Examine the provided endoscopic image and indicate whether any pathological findings are present. If so, please specify the nature of these findings.",polyps,Are there any abnormalities in the image? Check all that are present.,Polyp
1931,image_1931.jpg,Lesion Type Identification,"Examine this endoscopic image for any pathological findings. If any are identified, what specific type of anomaly is evident?",polyps,Does this image contain any finding?,Yes
1931,image_1931.jpg,Lesion Type Identification,"Examine this endoscopic image for any pathological findings. If any are identified, what specific type of anomaly is evident?",polyps,Are there any abnormalities in the image? Check all that are present.,Polyp
1932,image_1932.jpg,Lesion Type Identification,"Assess this endoscopic image for any pathological findings. Should any be identified, what classifications do they fall under?",polyps,Does this image contain any finding?,Yes
1932,image_1932.jpg,Lesion Type Identification,"Assess this endoscopic image for any pathological findings. Should any be identified, what classifications do they fall under?",polyps,Are there any abnormalities in the image? Check all that are present.,Polyp
1933,image_1933.jpg,Lesion Type Identification,"Does this endoscopic image reveal any pathological findings? If so, could you identify the specific condition?",polyps,Does this image contain any finding?,Yes
1933,image_1933.jpg,Lesion Type Identification,"Does this endoscopic image reveal any pathological findings? If so, could you identify the specific condition?",polyps,Are there any abnormalities in the image? Check all that are present.,Polyp
1934,image_1934.jpg,Lesion Type Identification,"Could you analyze this endoscopic image and determine whether any pathological findings are present? If abnormalities are identified, what specific conditions might they suggest?",polyps,Does this image contain any finding?,Yes
1934,image_1934.jpg,Lesion Type Identification,"Could you analyze this endoscopic image and determine whether any pathological findings are present? If abnormalities are identified, what specific conditions might they suggest?",polyps,Are there any abnormalities in the image? Check all that are present.,Polyp
1935,image_1935.jpg,Lesion Type Identification,"Does this endoscopic image reveal any pathological findings? If so, could you identify the specific condition?",polyps,Does this image contain any finding?,Yes
1935,image_1935.jpg,Lesion Type Identification,"Does this endoscopic image reveal any pathological findings? If so, could you identify the specific condition?",polyps,Are there any abnormalities in the image? Check all that are present.,Polyp
1936,image_1936.jpg,Lesion Type Identification,"Does this image reveal any pathological findings? If it does, please characterize the nature of the identified abnormality.",hemorrhoids,Does this image contain any finding?,Yes
1936,image_1936.jpg,Lesion Type Identification,"Does this image reveal any pathological findings? If it does, please characterize the nature of the identified abnormality.",hemorrhoids,Are there any abnormalities in the image? Check all that are present.,Hemorrhoids
1937,image_1937.jpg,Lesion Type Identification,"Assess this endoscopic image for any pathological findings. Should abnormalities be identified, what classifications do they fall under?",hemorrhoids,Does this image contain any finding?,Yes
1937,image_1937.jpg,Lesion Type Identification,"Assess this endoscopic image for any pathological findings. Should abnormalities be identified, what classifications do they fall under?",hemorrhoids,Are there any abnormalities in the image? Check all that are present.,Hemorrhoids
1938,image_1938.jpg,Lesion Type Identification,"Does this image reveal any atypical findings, and if so, what specific type of anomaly could it indicate?",esophagitis,Does this image contain any finding?,Yes
1938,image_1938.jpg,Lesion Type Identification,"Does this image reveal any atypical findings, and if so, what specific type of anomaly could it indicate?",esophagitis,Are there any abnormalities in the image? Check all that are present.,Oesophagitis
1939,image_1939.jpg,Lesion Type Identification,"Does this image reveal any pathological findings? If it does, please characterize the nature of the identified abnormality.",esophagitis,Does this image contain any finding?,Yes
1939,image_1939.jpg,Lesion Type Identification,"Does this image reveal any pathological findings? If it does, please characterize the nature of the identified abnormality.",esophagitis,Are there any abnormalities in the image? Check all that are present.,Oesophagitis
1940,image_1940.jpg,Lesion Type Identification,"Examine this endoscopic image for any irregularities. If any are identified, what specific type of abnormality could be present?",esophagitis,Does this image contain any finding?,Yes
1940,image_1940.jpg,Lesion Type Identification,"Examine this endoscopic image for any irregularities. If any are identified, what specific type of abnormality could be present?",esophagitis,Are there any abnormalities in the image? Check all that are present.,Oesophagitis
1941,image_1941.jpg,Lesion Type Identification,"Examine the provided endoscopic image and indicate whether any pathological findings are present. If abnormalities are identified, please specify their nature.",esophagitis,Does this image contain any finding?,Yes
1941,image_1941.jpg,Lesion Type Identification,"Examine the provided endoscopic image and indicate whether any pathological findings are present. If abnormalities are identified, please specify their nature.",esophagitis,Are there any abnormalities in the image? Check all that are present.,Oesophagitis
1942,image_1942.jpg,Lesion Type Identification,"Assess this endoscopic image for any pathological findings. Should abnormalities be identified, what classifications do they fall under?",esophagitis,Does this image contain any finding?,Yes
1942,image_1942.jpg,Lesion Type Identification,"Assess this endoscopic image for any pathological findings. Should abnormalities be identified, what classifications do they fall under?",esophagitis,Are there any abnormalities in the image? Check all that are present.,Oesophagitis
1943,image_1943.jpg,Lesion Type Identification,"Does this endoscopic image reveal any pathological findings? If so, could you identify the specific type?",esophagitis,Does this image contain any finding?,Yes
1943,image_1943.jpg,Lesion Type Identification,"Does this endoscopic image reveal any pathological findings? If so, could you identify the specific type?",esophagitis,Are there any abnormalities in the image? Check all that are present.,Oesophagitis
1944,image_1944.jpg,Lesion Type Identification,"Does this image reveal any pathological findings, and if so, what specific type of anomaly could it indicate?",esophagitis,Does this image contain any finding?,Yes
1944,image_1944.jpg,Lesion Type Identification,"Does this image reveal any pathological findings, and if so, what specific type of anomaly could it indicate?",esophagitis,Are there any abnormalities in the image? Check all that are present.,Oesophagitis
1945,image_1945.jpg,Lesion Type Identification,"Does this image reveal any pathological findings? If it does, please characterize the nature of the identified abnormality.",esophagitis,Does this image contain any finding?,Yes
1945,image_1945.jpg,Lesion Type Identification,"Does this image reveal any pathological findings? If it does, please characterize the nature of the identified abnormality.",esophagitis,Are there any abnormalities in the image? Check all that are present.,Oesophagitis
1946,image_1946.jpg,Lesion Type Identification,"Examine the provided endoscopic image and indicate whether any pathological findings are present. If so, please specify the nature of these findings.",esophagitis,Does this image contain any finding?,Yes
1946,image_1946.jpg,Lesion Type Identification,"Examine the provided endoscopic image and indicate whether any pathological findings are present. If so, please specify the nature of these findings.",esophagitis,Are there any abnormalities in the image? Check all that are present.,Oesophagitis
1947,image_1947.jpg,Lesion Type Identification,"Does this image reveal any pathological findings? If it does, please specify the nature of the identified abnormality.",esophagitis,Does this image contain any finding?,Yes
1947,image_1947.jpg,Lesion Type Identification,"Does this image reveal any pathological findings? If it does, please specify the nature of the identified abnormality.",esophagitis,Are there any abnormalities in the image? Check all that are present.,Oesophagitis
1948,image_1948.jpg,Lesion Type Identification,"Assess this endoscopic image for any pathological findings. Should abnormalities be identified, what classifications do they fall under?",esophagitis,Does this image contain any finding?,Yes
1948,image_1948.jpg,Lesion Type Identification,"Assess this endoscopic image for any pathological findings. Should abnormalities be identified, what classifications do they fall under?",esophagitis,Are there any abnormalities in the image? Check all that are present.,Oesophagitis
1949,image_1949.jpg,Lesion Type Identification,"Can you identify any pathological findings in this image? If present, please characterize the nature of the abnormality.",esophagitis,Does this image contain any finding?,Yes
1949,image_1949.jpg,Lesion Type Identification,"Can you identify any pathological findings in this image? If present, please characterize the nature of the abnormality.",esophagitis,Are there any abnormalities in the image? Check all that are present.,Oesophagitis
1950,image_1950.jpg,Lesion Type Identification,What specific pathological finding can be discerned from the examination of this endoscopic image?,esophagitis,Does this image contain any finding?,Yes
1950,image_1950.jpg,Lesion Type Identification,What specific pathological finding can be discerned from the examination of this endoscopic image?,esophagitis,Are there any abnormalities in the image? Check all that are present.,Oesophagitis
1951,image_1951.jpg,Lesion Type Identification,What specific pathological finding can be discerned from the provided endoscopic image?,esophagitis,Does this image contain any finding?,Yes
1951,image_1951.jpg,Lesion Type Identification,What specific pathological finding can be discerned from the provided endoscopic image?,esophagitis,Are there any abnormalities in the image? Check all that are present.,Oesophagitis
1952,image_1952.jpg,Lesion Type Identification,"Examine the provided endoscopic image and indicate whether any pathological findings are present. If abnormalities are detected, please identify their specific nature.",esophagitis,Does this image contain any finding?,Yes
1952,image_1952.jpg,Lesion Type Identification,"Examine the provided endoscopic image and indicate whether any pathological findings are present. If abnormalities are detected, please identify their specific nature.",esophagitis,Are there any abnormalities in the image? Check all that are present.,Oesophagitis
1953,image_1953.jpg,Lesion Type Identification,"Examine the provided endoscopic image and indicate whether any pathological findings are present. If abnormalities are identified, please specify their nature.",esophagitis,Does this image contain any finding?,Yes
1953,image_1953.jpg,Lesion Type Identification,"Examine the provided endoscopic image and indicate whether any pathological findings are present. If abnormalities are identified, please specify their nature.",esophagitis,Are there any abnormalities in the image? Check all that are present.,Oesophagitis
1954,image_1954.jpg,Lesion Type Identification,"Analyze this endoscopic image for any pathological findings. Should any be identified, what classifications do they fall under?",esophagitis,Does this image contain any finding?,Yes
1954,image_1954.jpg,Lesion Type Identification,"Analyze this endoscopic image for any pathological findings. Should any be identified, what classifications do they fall under?",esophagitis,Are there any abnormalities in the image? Check all that are present.,Oesophagitis
1955,image_1955.jpg,Lesion Type Identification,"Does this image reveal any pathological findings? If it does, please characterize the nature of the identified abnormality.",esophagitis,Does this image contain any finding?,Yes
1955,image_1955.jpg,Lesion Type Identification,"Does this image reveal any pathological findings? If it does, please characterize the nature of the identified abnormality.",esophagitis,Are there any abnormalities in the image? Check all that are present.,Oesophagitis
1956,image_1956.jpg,Lesion Type Identification,What specific pathological finding can be discerned from the examination of this endoscopic image?,esophagitis,Does this image contain any finding?,Yes
1956,image_1956.jpg,Lesion Type Identification,What specific pathological finding can be discerned from the examination of this endoscopic image?,esophagitis,Are there any abnormalities in the image? Check all that are present.,Oesophagitis
1957,image_1957.jpg,Lesion Type Identification,"Does this image reveal any pathological findings? If it does, please characterize the nature of the identified abnormality.",esophagitis,Does this image contain any finding?,Yes
1957,image_1957.jpg,Lesion Type Identification,"Does this image reveal any pathological findings? If it does, please characterize the nature of the identified abnormality.",esophagitis,Are there any abnormalities in the image? Check all that are present.,Oesophagitis
1958,image_1958.jpg,Lesion Type Identification,What specific pathological finding can be discerned from the examination of this endoscopic image?,Barrett's esophagus,Does this image contain any finding?,Yes
1958,image_1958.jpg,Lesion Type Identification,What specific pathological finding can be discerned from the examination of this endoscopic image?,Barrett's esophagus,Are there any abnormalities in the image? Check all that are present.,Barretts
1959,image_1959.jpg,Lesion Type Identification,"Does this image reveal any pathological findings, and if so, what specific type of anomaly could it indicate?",Barrett's esophagus,Does this image contain any finding?,Yes
1959,image_1959.jpg,Lesion Type Identification,"Does this image reveal any pathological findings, and if so, what specific type of anomaly could it indicate?",Barrett's esophagus,Are there any abnormalities in the image? Check all that are present.,Barretts
1960,image_1960.jpg,Lesion Type Identification,"Examine this endoscopic image for any pathological findings. If any are identified, what specific type of abnormality could be present?",Barrett's esophagus,Does this image contain any finding?,Yes
1960,image_1960.jpg,Lesion Type Identification,"Examine this endoscopic image for any pathological findings. If any are identified, what specific type of abnormality could be present?",Barrett's esophagus,Are there any abnormalities in the image? Check all that are present.,Barretts
1961,image_1961.jpg,Lesion Type Identification,"Does this image reveal any pathological findings, and if so, what specific type of anomaly could it indicate?",Barrett's esophagus,Does this image contain any finding?,Yes
1961,image_1961.jpg,Lesion Type Identification,"Does this image reveal any pathological findings, and if so, what specific type of anomaly could it indicate?",Barrett's esophagus,Are there any abnormalities in the image? Check all that are present.,Barretts
1962,image_1962.jpg,Lesion Type Identification,"Please analyze the provided endoscopic image and determine whether any pathological findings are present. If abnormalities are identified, could you specify their nature?",Barrett's esophagus,Does this image contain any finding?,Yes
1962,image_1962.jpg,Lesion Type Identification,"Please analyze the provided endoscopic image and determine whether any pathological findings are present. If abnormalities are identified, could you specify their nature?",Barrett's esophagus,Are there any abnormalities in the image? Check all that are present.,Barretts
1963,image_1963.jpg,Lesion Type Identification,"Examine the provided endoscopic image and indicate whether any pathological findings are present. If abnormalities are detected, please identify their specific nature.",Barrett's esophagus,Does this image contain any finding?,Yes
1963,image_1963.jpg,Lesion Type Identification,"Examine the provided endoscopic image and indicate whether any pathological findings are present. If abnormalities are detected, please identify their specific nature.",Barrett's esophagus,Are there any abnormalities in the image? Check all that are present.,Barretts
1964,image_1964.jpg,Lesion Type Identification,"Does the endoscopic image reveal any pathological findings? If so, could you identify the specific condition?",Barrett's esophagus,Does this image contain any finding?,Yes
1964,image_1964.jpg,Lesion Type Identification,"Does the endoscopic image reveal any pathological findings? If so, could you identify the specific condition?",Barrett's esophagus,Are there any abnormalities in the image? Check all that are present.,Barretts
1965,image_1965.jpg,Lesion Type Identification,What specific pathological finding can be discerned from the provided endoscopic image?,Barrett's esophagus,Does this image contain any finding?,Yes
1965,image_1965.jpg,Lesion Type Identification,What specific pathological finding can be discerned from the provided endoscopic image?,Barrett's esophagus,Are there any abnormalities in the image? Check all that are present.,Barretts
1966,image_1966.jpg,Lesion Type Identification,"Analyze this endoscopic image for any pathological findings. Should any be identified, what classifications do they fall under?",Barrett's esophagus,Does this image contain any finding?,Yes
1966,image_1966.jpg,Lesion Type Identification,"Analyze this endoscopic image for any pathological findings. Should any be identified, what classifications do they fall under?",Barrett's esophagus,Are there any abnormalities in the image? Check all that are present.,Barretts
1967,image_1967.jpg,Lesion Type Identification,"Examine this endoscopic image and indicate whether any pathological findings are present. If abnormalities are identified, please specify their nature.",Barrett's esophagus,Does this image contain any finding?,Yes
1967,image_1967.jpg,Lesion Type Identification,"Examine this endoscopic image and indicate whether any pathological findings are present. If abnormalities are identified, please specify their nature.",Barrett's esophagus,Are there any abnormalities in the image? Check all that are present.,Barretts
1968,image_1968.jpg,Lesion Type Identification,"Examine the provided endoscopic image and indicate whether any pathological findings are present. If so, please specify the nature of the abnormalities observed.",active bleeding,Does this image contain any finding?,Yes
1969,image_1969.jpg,Lesion Type Identification,"Examine the provided endoscopic image and indicate whether any pathological findings are present. If so, please specify the nature of these findings.",active bleeding,Does this image contain any finding?,Yes
1970,image_1970.jpg,Lesion Type Identification,"Can you identify any pathological findings in this image? If present, please characterize the nature of the abnormality.",active bleeding,Does this image contain any finding?,Yes
1971,image_1971.jpg,Lesion Type Identification,"Can you identify any pathological findings in this image? If present, please characterize the nature of the abnormality.",active bleeding,Does this image contain any finding?,Yes
1972,image_1972.jpg,Lesion Type Identification,"Examine the provided endoscopic image and indicate whether any pathological findings are present. If so, please specify the nature of the abnormalities observed.",active bleeding,Does this image contain any finding?,Yes
1973,image_1973.jpg,Lesion Type Identification,"Please analyze the provided endoscopic image and determine whether any pathological findings are present. If abnormalities are identified, could you specify their nature?",active bleeding,Does this image contain any finding?,Yes
1974,image_1974.jpg,Lesion Type Identification,"Could you analyze this endoscopic image and determine whether any pathological findings are present? If abnormalities are identified, what specific types might they be?",active bleeding,Does this image contain any finding?,Yes
1975,image_1975.jpg,Lesion Type Identification,"Could you analyze this endoscopic image and determine whether any pathological findings are present? If abnormalities are identified, what specific type might they be?",active bleeding,Does this image contain any finding?,Yes
1976,image_1976.jpg,Lesion Type Identification,"Does this image reveal any atypical findings, and if so, what specific type of anomaly could it be?",active bleeding,Does this image contain any finding?,Yes
1977,image_1977.jpg,Lesion Type Identification,"Does this image reveal any pathological findings, and if so, what specific type of anomaly could it indicate?",active bleeding,Does this image contain any finding?,Yes
1978,image_1978.jpg,Lesion Type Identification,"Analyze this endoscopic image for any pathological findings. Should any be identified, what classifications do they fall under?",active bleeding,Does this image contain any finding?,Yes
1979,image_1979.jpg,Lesion Type Identification,"Could you analyze this endoscopic image and determine whether any pathological findings are present? If abnormalities are identified, what specific type do they appear to be?",active bleeding,Does this image contain any finding?,Yes
1980,image_1980.jpg,Lesion Type Identification,"Please analyze the provided endoscopic image and determine whether any pathological findings are present. If abnormalities are identified, what specific type do they appear to be?",active bleeding,Does this image contain any finding?,Yes
1981,image_1981.jpg,Lesion Type Identification,"Assess this endoscopic image for any pathological findings. Should any be identified, what classifications do they fall under?",active bleeding,Does this image contain any finding?,Yes
1982,image_1982.jpg,Lesion Type Identification,"Please analyze the provided endoscopic image and determine whether any pathological findings are present. If abnormalities are identified, could you specify their nature?",active bleeding,Does this image contain any finding?,Yes
1983,image_1983.jpg,Lesion Type Identification,"Analyze this endoscopic image for any pathological findings. Should any be identified, what classifications do they fall under?",active bleeding,Does this image contain any finding?,Yes
1984,image_1984.jpg,Lesion Type Identification,What specific abnormality can be discerned from the findings presented in this endoscopic image?,active bleeding,Does this image contain any finding?,Yes
1985,image_1985.jpg,Lesion Type Identification,What specific pathological finding can be discerned from the provided endoscopic image?,active bleeding,Does this image contain any finding?,Yes
1986,image_1986.jpg,Lesion Type Identification,"Examine this endoscopic image for any pathological findings. If any are identified, what specific type of anomaly is evident?",active bleeding,Does this image contain any finding?,Yes
1987,image_1987.jpg,Lesion Type Identification,"Examine the provided endoscopic image and indicate whether any pathological findings are present. If abnormalities are detected, please identify their specific nature.",active bleeding,Does this image contain any finding?,Yes
1988,image_1988.jpg,Lesion Type Identification,"Examine the provided endoscopic image and indicate whether any pathological findings are present. If abnormalities are detected, please identify their specific nature.",angioectasia,Does this image contain any finding?,Yes
1989,image_1989.jpg,Lesion Type Identification,"Please analyze the provided endoscopic image and determine whether any pathological findings are present. If abnormalities are identified, could you specify their nature?",angioectasia,Does this image contain any finding?,Yes
1990,image_1990.jpg,Lesion Type Identification,"Assess this endoscopic image for any pathological findings. Should any be identified, what classification do they fall under?",angioectasia,Does this image contain any finding?,Yes
1991,image_1991.jpg,Lesion Type Identification,"Analyze this endoscopic image for any pathological findings. Should any be identified, what classifications do they fall under?",angioectasia,Does this image contain any finding?,Yes
1992,image_1992.jpg,Lesion Type Identification,What specific abnormality can be discerned from the findings presented in this endoscopic image?,angioectasia,Does this image contain any finding?,Yes
1993,image_1993.jpg,Lesion Type Identification,"Please analyze the provided endoscopic image and determine whether any pathological findings are present. If abnormalities are identified, what specific type do they appear to be?",angioectasia,Does this image contain any finding?,Yes
1994,image_1994.jpg,Lesion Type Identification,"Does this endoscopic image reveal any pathological findings? If so, could you identify the specific type?",angioectasia,Does this image contain any finding?,Yes
1995,image_1995.jpg,Lesion Type Identification,"Examine the provided endoscopic image and indicate whether any pathological findings are present. If abnormalities are detected, please identify their specific nature.",angioectasia,Does this image contain any finding?,Yes
1996,image_1996.jpg,Lesion Type Identification,"Can you identify any pathological findings in this image? If present, please characterize the nature of the abnormality.",angioectasia,Does this image contain any finding?,Yes
1997,image_1997.jpg,Lesion Type Identification,"Analyze this endoscopic image for any pathological findings. Should any be identified, what classifications do they fall under?",angioectasia,Does this image contain any finding?,Yes
1998,image_1998.jpg,Lesion Type Identification,"Does this image reveal any pathological findings? If it does, please characterize the nature of the identified abnormality.",angioectasia,Does this image contain any finding?,Yes
1999,image_1999.jpg,Lesion Type Identification,"Does this image reveal any pathological findings, and if so, what specific type of anomaly can be identified?",angioectasia,Does this image contain any finding?,Yes
2000,image_2000.jpg,Lesion Type Identification,"Does this image reveal any pathological findings? If it does, please characterize the nature of the identified abnormality.",angioectasia,Does this image contain any finding?,Yes
2001,image_2001.jpg,Lesion Type Identification,"Examine the provided endoscopic image and indicate whether any pathological findings are present. If so, please specify the nature of these findings.",angioectasia,Does this image contain any finding?,Yes
2002,image_2002.jpg,Lesion Type Identification,"Can you identify any pathological findings in this image? If present, please characterize the nature of the abnormality.",angioectasia,Does this image contain any finding?,Yes
2003,image_2003.jpg,Lesion Type Identification,"Does this image reveal any pathological findings, and if so, what specific type of anomaly could it be?",angioectasia,Does this image contain any finding?,Yes
2004,image_2004.jpg,Lesion Type Identification,"Please analyze the provided endoscopic image and determine whether any pathological findings are present. If abnormalities are identified, what specific type do they appear to be?",angioectasia,Does this image contain any finding?,Yes
2005,image_2005.jpg,Lesion Type Identification,"Examine this endoscopic image and indicate whether any pathological findings are present. If abnormalities are detected, please identify their specific nature.",angioectasia,Does this image contain any finding?,Yes
2006,image_2006.jpg,Lesion Type Identification,"Examine this endoscopic image and indicate whether any pathological findings are present. If abnormalities are detected, please identify their specific nature.",angioectasia,Does this image contain any finding?,Yes
2007,image_2007.jpg,Lesion Type Identification,"Examine the provided endoscopic image and indicate whether any pathological findings are present. If abnormalities are detected, please identify their specific nature.",angioectasia,Does this image contain any finding?,Yes
2008,image_2008.jpg,Lesion Type Identification,"Assess this endoscopic image for any pathological findings. Should abnormalities be identified, what classifications do they fall under?",erosion,Does this image contain any finding?,Yes
2009,image_2009.jpg,Lesion Type Identification,"Examine this endoscopic image for any irregularities. Should any be identified, what specific type of anomaly is evident?",erosion,Does this image contain any finding?,Yes
2010,image_2010.jpg,Lesion Type Identification,"Does this endoscopic image reveal any pathological findings? If so, could you identify the specific type?",erosion,Does this image contain any finding?,Yes
2011,image_2011.jpg,Lesion Type Identification,"Analyze this endoscopic image for any pathological findings. Should any be identified, what classifications do they fall under?",erosion,Does this image contain any finding?,Yes
2012,image_2012.jpg,Lesion Type Identification,"Can you identify any pathological findings in this image? If present, please characterize the nature of the abnormality.",erosion,Does this image contain any finding?,Yes
2013,image_2013.jpg,Lesion Type Identification,"Could you analyze this endoscopic image and determine whether any pathological findings are present? If abnormalities are identified, what specific type might they be?",erosion,Does this image contain any finding?,Yes
2014,image_2014.jpg,Lesion Type Identification,"Does this image reveal any atypical findings, and if so, what specific type of anomaly could it be?",erosion,Does this image contain any finding?,Yes
2015,image_2015.jpg,Lesion Type Identification,What specific abnormal finding can be discerned from the provided endoscopic image?,erosion,Does this image contain any finding?,Yes
2016,image_2016.jpg,Lesion Type Identification,"Can you identify any pathological findings in this image? If present, please characterize the nature of the abnormality.",erosion,Does this image contain any finding?,Yes
2017,image_2017.jpg,Lesion Type Identification,"Does this endoscopic image reveal any pathological findings? If so, could you identify the specific nature of the anomaly?",erosion,Does this image contain any finding?,Yes
2018,image_2018.jpg,Lesion Type Identification,"Analyze this endoscopic image for any pathological findings. Should any be identified, what classifications do they fall under?",erosion,Does this image contain any finding?,Yes
2019,image_2019.jpg,Lesion Type Identification,"Examine the provided endoscopic image and indicate whether any pathological findings are present. If so, please specify the nature of the abnormalities observed.",erosion,Does this image contain any finding?,Yes
2020,image_2020.jpg,Lesion Type Identification,"Examine this endoscopic image and indicate whether any pathological findings are present. If abnormalities are detected, please identify their specific nature.",erosion,Does this image contain any finding?,Yes
2021,image_2021.jpg,Lesion Type Identification,"Does this endoscopic image reveal any pathological findings? If so, could you identify the specific type?",erosion,Does this image contain any finding?,Yes
2022,image_2022.jpg,Lesion Type Identification,"Does this image reveal any pathological findings? If it does, please characterize the nature of the abnormality observed.",erosion,Does this image contain any finding?,Yes
2023,image_2023.jpg,Lesion Type Identification,"Does the endoscopic image reveal any pathological findings? If so, could you identify the specific nature of the anomaly?",erosion,Does this image contain any finding?,Yes
2024,image_2024.jpg,Lesion Type Identification,"Analyze this endoscopic image for any pathological findings. Should any be identified, what classification do they fall under?",erosion,Does this image contain any finding?,Yes
2025,image_2025.jpg,Lesion Type Identification,"Analyze this endoscopic image for any pathological findings. Should any be identified, what classifications do they fall under?",erosion,Does this image contain any finding?,Yes
2026,image_2026.jpg,Lesion Type Identification,"Examine this endoscopic image and indicate whether any pathological findings are present. If abnormalities are identified, please specify their nature.",erosion,Does this image contain any finding?,Yes
2027,image_2027.jpg,Lesion Type Identification,What specific abnormality can be discerned from the findings presented in this endoscopic image?,erosion,Does this image contain any finding?,Yes
2028,image_2028.jpg,Lesion Type Identification,"Can you identify any pathological findings in this image? If present, please characterize the nature of the abnormality.",erythema,Does this image contain any finding?,Yes
2029,image_2029.jpg,Lesion Type Identification,"Does this image reveal any atypical findings, and if so, what specific type of anomaly could it be?",erythema,Does this image contain any finding?,Yes
2030,image_2030.jpg,Lesion Type Identification,"Examine this endoscopic image for any irregularities. Should any be identified, what specific type of abnormality can be observed?",erythema,Does this image contain any finding?,Yes
2031,image_2031.jpg,Lesion Type Identification,"Please analyze the provided endoscopic image and determine whether any pathological findings are present. If abnormalities are identified, what specific types might they be?",erythema,Does this image contain any finding?,Yes
2032,image_2032.jpg,Lesion Type Identification,What specific abnormality can be discerned from the findings presented in this endoscopic image?,erythema,Does this image contain any finding?,Yes
2033,image_2033.jpg,Lesion Type Identification,"Does this image reveal any pathological findings, and if so, what specific type of anomaly can be identified?",erythema,Does this image contain any finding?,Yes
2034,image_2034.jpg,Lesion Type Identification,"Please analyze the provided endoscopic image and determine whether any pathological findings are present. If abnormalities are detected, could you specify their nature?",erythema,Does this image contain any finding?,Yes
2035,image_2035.jpg,Lesion Type Identification,"Examine this endoscopic image for potential irregularities. Should any be identified, what specific type of abnormality could be present?",erythema,Does this image contain any finding?,Yes
2036,image_2036.jpg,Lesion Type Identification,"Examine the provided endoscopic image and indicate whether any pathological findings are present. If abnormalities are detected, please identify their specific nature.",erythema,Does this image contain any finding?,Yes
2037,image_2037.jpg,Lesion Type Identification,"Examine the provided endoscopic image and indicate whether any pathological findings are present. If abnormalities are detected, please identify their specific nature.",erythema,Does this image contain any finding?,Yes
2038,image_2038.jpg,Lesion Type Identification,"Please analyze the provided endoscopic image and determine whether any pathological findings are present. If abnormalities are identified, could you specify their nature?",erythema,Does this image contain any finding?,Yes
2039,image_2039.jpg,Lesion Type Identification,"Does this endoscopic image reveal any pathological findings? If so, could you identify the specific type?",erythema,Does this image contain any finding?,Yes
2040,image_2040.jpg,Lesion Type Identification,"Examine this endoscopic image and indicate whether any pathological findings are present. If abnormalities are identified, please specify their nature.",erythema,Does this image contain any finding?,Yes
2041,image_2041.jpg,Lesion Type Identification,"Examine the provided endoscopic image and indicate whether any pathological findings are present. If so, please specify the nature of the abnormalities observed.",erythema,Does this image contain any finding?,Yes
2042,image_2042.jpg,Lesion Type Identification,"Please analyze the provided endoscopic image and determine whether any pathological findings are present. If abnormalities are identified, could you specify their nature?",erythema,Does this image contain any finding?,Yes
2043,image_2043.jpg,Lesion Type Identification,"Assess this endoscopic image for any pathological findings. Should any be identified, what classifications do they fall under?",erythema,Does this image contain any finding?,Yes
2044,image_2044.jpg,Lesion Type Identification,"Does this endoscopic image reveal any pathological findings? If so, could you identify the specific nature of the anomaly?",erythema,Does this image contain any finding?,Yes
2045,image_2045.jpg,Lesion Type Identification,"Examine this endoscopic image and indicate whether any pathological findings are present. If abnormalities are detected, please identify their specific nature.",erythema,Does this image contain any finding?,Yes
2046,image_2046.jpg,Lesion Type Identification,"Does this endoscopic image reveal any pathological findings? If so, could you identify the specific nature of the anomaly?",erythema,Does this image contain any finding?,Yes
2047,image_2047.jpg,Lesion Type Identification,"Does this image reveal any pathological findings, and if so, what specific type of anomaly could it be?",erythema,Does this image contain any finding?,Yes
2048,image_2048.jpg,Lesion Type Identification,"Examine the provided endoscopic image and indicate whether any pathological findings are present. If so, please specify the nature of these findings.",foreign body,Does this image contain any finding?,Yes
2049,image_2049.jpg,Lesion Type Identification,"Examine this endoscopic image for potential irregularities. Should any be identified, what specific type of abnormality can be discerned?",foreign body,Does this image contain any finding?,Yes
2050,image_2050.jpg,Lesion Type Identification,"Examine this endoscopic image and indicate whether any pathological findings are present. If abnormalities are detected, please identify their specific nature.",foreign body,Does this image contain any finding?,Yes
2051,image_2051.jpg,Lesion Type Identification,"Does this endoscopic image reveal any pathological findings? If so, could you identify the specific type?",foreign body,Does this image contain any finding?,Yes
2052,image_2052.jpg,Lesion Type Identification,"Examine this endoscopic image for any irregularities. Should any be identified, what specific type of abnormality can be discerned?",foreign body,Does this image contain any finding?,Yes
2053,image_2053.jpg,Lesion Type Identification,"Does this endoscopic image reveal any pathological findings? If so, could you identify the specific type?",foreign body,Does this image contain any finding?,Yes
2054,image_2054.jpg,Lesion Type Identification,"Examine this endoscopic image for potential irregularities. Should any be identified, what specific type of anomaly is evident?",foreign body,Does this image contain any finding?,Yes
2055,image_2055.jpg,Lesion Type Identification,What specific abnormality can be discerned from the findings presented in this endoscopic image?,foreign body,Does this image contain any finding?,Yes
2056,image_2056.jpg,Lesion Type Identification,"Examine the provided endoscopic image and indicate whether any pathological findings are present. If so, please specify the nature of the abnormalities observed.",foreign body,Does this image contain any finding?,Yes
2057,image_2057.jpg,Lesion Type Identification,What specific abnormality can be discerned from the findings presented in this endoscopic image?,foreign body,Does this image contain any finding?,Yes
2058,image_2058.jpg,Lesion Type Identification,"Does this image reveal any atypical findings, and if so, what specific type of anomaly could it be?",foreign body,Does this image contain any finding?,Yes
2059,image_2059.jpg,Lesion Type Identification,"Does this endoscopic image reveal any pathological findings? If so, could you identify the specific type?",foreign body,Does this image contain any finding?,Yes
2060,image_2060.jpg,Lesion Type Identification,"Could you analyze this endoscopic image and determine whether any pathological findings are present? If abnormalities are identified, what specific type might they be?",foreign body,Does this image contain any finding?,Yes
2061,image_2061.jpg,Lesion Type Identification,What specific pathological finding can be discerned from the provided endoscopic image?,foreign body,Does this image contain any finding?,Yes
2062,image_2062.jpg,Lesion Type Identification,"Can you identify any pathological findings in this image? If present, please characterize the nature of the abnormality.",foreign body,Does this image contain any finding?,Yes
2063,image_2063.jpg,Lesion Type Identification,"Does this endoscopic image reveal any pathological findings? If so, could you identify the specific type?",foreign body,Does this image contain any finding?,Yes
2064,image_2064.jpg,Lesion Type Identification,"Examine the provided endoscopic image and indicate whether any pathological findings are present. If so, please specify the nature of the abnormalities observed.",foreign body,Does this image contain any finding?,Yes
2065,image_2065.jpg,Lesion Type Identification,What kind of pathological finding can be discerned from the provided endoscopic image?,foreign body,Does this image contain any finding?,Yes
2066,image_2066.jpg,Lesion Type Identification,"Examine this endoscopic image and indicate whether any pathological findings are present. If abnormalities are detected, please identify their specific nature.",foreign body,Does this image contain any finding?,Yes
2067,image_2067.jpg,Lesion Type Identification,"Examine the provided endoscopic image and indicate whether any pathological findings are present. If so, please specify the nature of the abnormalities observed.",foreign body,Does this image contain any finding?,Yes
2068,image_2068.jpg,Lesion Type Identification,"Analyze this endoscopic image for any pathological findings. Should abnormalities be identified, what classifications do they fall under?",lymphangiectasia,Does this image contain any finding?,Yes
2069,image_2069.jpg,Lesion Type Identification,"Examine this endoscopic image for potential irregularities. Should any be identified, what specific type of abnormality could be present?",lymphangiectasia,Does this image contain any finding?,Yes
2070,image_2070.jpg,Lesion Type Identification,"Could you analyze this endoscopic image and determine whether any pathological findings are present? If abnormalities are identified, what specific types might they be?",lymphangiectasia,Does this image contain any finding?,Yes
2071,image_2071.jpg,Lesion Type Identification,What kind of pathological finding can be discerned from the provided endoscopic image?,lymphangiectasia,Does this image contain any finding?,Yes
2072,image_2072.jpg,Lesion Type Identification,"Can you identify any pathological findings in this image? If present, please characterize the nature of the abnormality.",lymphangiectasia,Does this image contain any finding?,Yes
2073,image_2073.jpg,Lesion Type Identification,What specific abnormality can be discerned from the findings presented in this endoscopic image?,lymphangiectasia,Does this image contain any finding?,Yes
2074,image_2074.jpg,Lesion Type Identification,What specific abnormality can be discerned from the findings presented in this endoscopic image?,lymphangiectasia,Does this image contain any finding?,Yes
2075,image_2075.jpg,Lesion Type Identification,"Does this image reveal any pathological findings? If it does, please characterize the nature of the identified abnormality.",lymphangiectasia,Does this image contain any finding?,Yes
2076,image_2076.jpg,Lesion Type Identification,"Analyze this endoscopic image for any pathological findings. Should any be identified, what classifications do they fall under?",lymphangiectasia,Does this image contain any finding?,Yes
2077,image_2077.jpg,Lesion Type Identification,"Examine this endoscopic image for any irregularities. Should any be identified, what specific type of abnormality can be discerned?",lymphangiectasia,Does this image contain any finding?,Yes
2078,image_2078.jpg,Lesion Type Identification,"Analyze this endoscopic image for any pathological findings. Should abnormalities be identified, what classifications do they fall under?",lymphangiectasia,Does this image contain any finding?,Yes
2079,image_2079.jpg,Lesion Type Identification,"Please analyze the provided endoscopic image and determine whether any pathological findings are present. If abnormalities are identified, what specific type do they appear to be?",lymphangiectasia,Does this image contain any finding?,Yes
2080,image_2080.jpg,Lesion Type Identification,"Could you analyze this endoscopic image and determine whether any pathological findings are present? If abnormalities are identified, what specific type do they appear to be?",lymphangiectasia,Does this image contain any finding?,Yes
2081,image_2081.jpg,Lesion Type Identification,"Does this image reveal any atypical findings, and if so, what specific type of anomaly could it indicate?",lymphangiectasia,Does this image contain any finding?,Yes
2082,image_2082.jpg,Lesion Type Identification,"Examine this endoscopic image for potential irregularities. Should any be identified, what specific type of abnormality can be discerned?",lymphangiectasia,Does this image contain any finding?,Yes
2083,image_2083.jpg,Lesion Type Identification,"Examine this endoscopic image and indicate whether any pathological findings are present. If abnormalities are detected, please identify their specific nature.",lymphangiectasia,Does this image contain any finding?,Yes
2084,image_2084.jpg,Lesion Type Identification,"Examine this endoscopic image for any irregularities. Should any be identified, what specific type of abnormality could be present?",lymphangiectasia,Does this image contain any finding?,Yes
2085,image_2085.jpg,Lesion Type Identification,"Please analyze the provided endoscopic image and determine whether any pathological findings are present. If abnormalities are identified, could you specify their nature?",lymphangiectasia,Does this image contain any finding?,Yes
2086,image_2086.jpg,Lesion Type Identification,"Examine this endoscopic image for any potential irregularities. If any are identified, what specific type of abnormality can be discerned?",lymphangiectasia,Does this image contain any finding?,Yes
2087,image_2087.jpg,Lesion Type Identification,"Could you analyze this endoscopic image and determine whether any pathological findings are present? If abnormalities are identified, what specific type might they be?",lymphangiectasia,Does this image contain any finding?,Yes
2088,image_2088.jpg,Lesion Type Identification,What specific abnormal finding can be discerned from the provided endoscopic image?,polypoid lesion,Does this image contain any finding?,Yes
2088,image_2088.jpg,Lesion Type Identification,What specific abnormal finding can be discerned from the provided endoscopic image?,polypoid lesion,Are there any abnormalities in the image? Check all that are present.,Polyp
2089,image_2089.jpg,Lesion Type Identification,"Does this image reveal any atypical findings, and if so, what specific type of anomaly could it be?",polypoid lesion,Does this image contain any finding?,Yes
2089,image_2089.jpg,Lesion Type Identification,"Does this image reveal any atypical findings, and if so, what specific type of anomaly could it be?",polypoid lesion,Are there any abnormalities in the image? Check all that are present.,Polyp
2090,image_2090.jpg,Lesion Type Identification,"Does this endoscopic image reveal any pathological findings? If so, could you identify the specific nature of the anomaly?",polypoid lesion,Does this image contain any finding?,Yes
2090,image_2090.jpg,Lesion Type Identification,"Does this endoscopic image reveal any pathological findings? If so, could you identify the specific nature of the anomaly?",polypoid lesion,Are there any abnormalities in the image? Check all that are present.,Polyp
2091,image_2091.jpg,Lesion Type Identification,What specific pathological finding can be discerned from the provided endoscopic image?,polypoid lesion,Does this image contain any finding?,Yes
2091,image_2091.jpg,Lesion Type Identification,What specific pathological finding can be discerned from the provided endoscopic image?,polypoid lesion,Are there any abnormalities in the image? Check all that are present.,Polyp
2092,image_2092.jpg,Lesion Type Identification,What kind of pathological finding can be discerned from the provided endoscopic image?,polypoid lesion,Does this image contain any finding?,Yes
2092,image_2092.jpg,Lesion Type Identification,What kind of pathological finding can be discerned from the provided endoscopic image?,polypoid lesion,Are there any abnormalities in the image? Check all that are present.,Polyp
2093,image_2093.jpg,Lesion Type Identification,"Does this image reveal any pathological findings? If it does, please characterize the nature of the identified anomaly.",polypoid lesion,Does this image contain any finding?,Yes
2093,image_2093.jpg,Lesion Type Identification,"Does this image reveal any pathological findings? If it does, please characterize the nature of the identified anomaly.",polypoid lesion,Are there any abnormalities in the image? Check all that are present.,Polyp
2094,image_2094.jpg,Lesion Type Identification,"Does this endoscopic image reveal any pathological findings? If so, could you identify the specific type?",polypoid lesion,Does this image contain any finding?,Yes
2094,image_2094.jpg,Lesion Type Identification,"Does this endoscopic image reveal any pathological findings? If so, could you identify the specific type?",polypoid lesion,Are there any abnormalities in the image? Check all that are present.,Polyp
2095,image_2095.jpg,Lesion Type Identification,"Examine the provided endoscopic image and indicate whether any pathological findings are present. If so, please specify the nature of the abnormalities observed.",polypoid lesion,Does this image contain any finding?,Yes
2095,image_2095.jpg,Lesion Type Identification,"Examine the provided endoscopic image and indicate whether any pathological findings are present. If so, please specify the nature of the abnormalities observed.",polypoid lesion,Are there any abnormalities in the image? Check all that are present.,Polyp
2096,image_2096.jpg,Lesion Type Identification,"Examine the provided endoscopic image and indicate whether any pathological findings are present. If so, please specify the nature of the abnormalities observed.",polypoid lesion,Does this image contain any finding?,Yes
2096,image_2096.jpg,Lesion Type Identification,"Examine the provided endoscopic image and indicate whether any pathological findings are present. If so, please specify the nature of the abnormalities observed.",polypoid lesion,Are there any abnormalities in the image? Check all that are present.,Polyp
2097,image_2097.jpg,Lesion Type Identification,"Does this image reveal any pathological findings, and if so, what specific type of anomaly is depicted?",polypoid lesion,Does this image contain any finding?,Yes
2097,image_2097.jpg,Lesion Type Identification,"Does this image reveal any pathological findings, and if so, what specific type of anomaly is depicted?",polypoid lesion,Are there any abnormalities in the image? Check all that are present.,Polyp
2098,image_2098.jpg,Lesion Type Identification,"Does this image reveal any pathological findings? If it does, please characterize the nature of the identified abnormality.",polypoid lesion,Does this image contain any finding?,Yes
2098,image_2098.jpg,Lesion Type Identification,"Does this image reveal any pathological findings? If it does, please characterize the nature of the identified abnormality.",polypoid lesion,Are there any abnormalities in the image? Check all that are present.,Polyp
2099,image_2099.jpg,Lesion Type Identification,What specific abnormality can be discerned from the findings presented in this endoscopic image?,polypoid lesion,Does this image contain any finding?,Yes
2099,image_2099.jpg,Lesion Type Identification,What specific abnormality can be discerned from the findings presented in this endoscopic image?,polypoid lesion,Are there any abnormalities in the image? Check all that are present.,Polyp
2100,image_2100.jpg,Lesion Type Identification,"Examine this endoscopic image and indicate whether any pathological findings are present. If abnormalities are detected, please identify their specific nature.",polypoid lesion,Does this image contain any finding?,Yes
2100,image_2100.jpg,Lesion Type Identification,"Examine this endoscopic image and indicate whether any pathological findings are present. If abnormalities are detected, please identify their specific nature.",polypoid lesion,Are there any abnormalities in the image? Check all that are present.,Polyp
2101,image_2101.jpg,Lesion Type Identification,"Examine this endoscopic image and indicate whether any pathological findings are present. If abnormalities are detected, please identify their specific nature.",polypoid lesion,Does this image contain any finding?,Yes
2101,image_2101.jpg,Lesion Type Identification,"Examine this endoscopic image and indicate whether any pathological findings are present. If abnormalities are detected, please identify their specific nature.",polypoid lesion,Are there any abnormalities in the image? Check all that are present.,Polyp
2102,image_2102.jpg,Lesion Type Identification,"Does this endoscopic image reveal any pathological findings? If so, could you identify the specific type?",polypoid lesion,Does this image contain any finding?,Yes
2102,image_2102.jpg,Lesion Type Identification,"Does this endoscopic image reveal any pathological findings? If so, could you identify the specific type?",polypoid lesion,Are there any abnormalities in the image? Check all that are present.,Polyp
2103,image_2103.jpg,Lesion Type Identification,What specific abnormality can be discerned from the findings presented in this endoscopic image?,polypoid lesion,Does this image contain any finding?,Yes
2103,image_2103.jpg,Lesion Type Identification,What specific abnormality can be discerned from the findings presented in this endoscopic image?,polypoid lesion,Are there any abnormalities in the image? Check all that are present.,Polyp
2104,image_2104.jpg,Lesion Type Identification,"Examine the provided endoscopic image and indicate whether any pathological findings are present. If so, please specify the nature of these findings.",polypoid lesion,Does this image contain any finding?,Yes
2104,image_2104.jpg,Lesion Type Identification,"Examine the provided endoscopic image and indicate whether any pathological findings are present. If so, please specify the nature of these findings.",polypoid lesion,Are there any abnormalities in the image? Check all that are present.,Polyp
2105,image_2105.jpg,Lesion Type Identification,"Examine the provided endoscopic image and indicate whether any pathological findings are present. If so, please specify the nature of these findings.",polypoid lesion,Does this image contain any finding?,Yes
2105,image_2105.jpg,Lesion Type Identification,"Examine the provided endoscopic image and indicate whether any pathological findings are present. If so, please specify the nature of these findings.",polypoid lesion,Are there any abnormalities in the image? Check all that are present.,Polyp
2106,image_2106.jpg,Lesion Type Identification,"Does this endoscopic image reveal any pathological findings? If so, could you identify the specific nature of the anomaly?",polypoid lesion,Does this image contain any finding?,Yes
2106,image_2106.jpg,Lesion Type Identification,"Does this endoscopic image reveal any pathological findings? If so, could you identify the specific nature of the anomaly?",polypoid lesion,Are there any abnormalities in the image? Check all that are present.,Polyp
2107,image_2107.jpg,Lesion Type Identification,"Does this endoscopic image reveal any pathological findings? If so, could you identify the specific type?",polypoid lesion,Does this image contain any finding?,Yes
2107,image_2107.jpg,Lesion Type Identification,"Does this endoscopic image reveal any pathological findings? If so, could you identify the specific type?",polypoid lesion,Are there any abnormalities in the image? Check all that are present.,Polyp
2108,image_2108.jpg,Lesion Type Identification,"Does this image reveal any pathological findings, and if so, what specific type of anomaly could it be?",No abnormality,Does this image contain any finding?,No
2109,image_2109.jpg,Lesion Type Identification,"Could you analyze this endoscopic image and determine whether any pathological findings are present? If abnormalities are identified, what specific type might they be?",No abnormality,Does this image contain any finding?,No
2110,image_2110.jpg,Lesion Type Identification,"Does this image reveal any pathological findings, and if so, what specific type of anomaly could it be?",No abnormality,Does this image contain any finding?,No
2111,image_2111.jpg,Lesion Type Identification,"Can you identify any pathological findings in this image? If present, please characterize the nature of the abnormality.",No abnormality,Does this image contain any finding?,No
2112,image_2112.jpg,Lesion Type Identification,What specific pathological finding can be discerned from the provided endoscopic image?,No abnormality,Does this image contain any finding?,No
2113,image_2113.jpg,Lesion Type Identification,"Does this endoscopic image reveal any pathological findings? If so, could you identify the specific type?",No abnormality,Does this image contain any finding?,No
2114,image_2114.jpg,Lesion Type Identification,"Does this endoscopic image reveal any pathological findings? If so, could you identify the specific type?",No abnormality,Does this image contain any finding?,No
2115,image_2115.jpg,Lesion Type Identification,"Analyze this endoscopic image for any pathological findings. Should any be identified, what classifications do they fall under?",No abnormality,Does this image contain any finding?,No
2116,image_2116.jpg,Lesion Type Identification,What specific abnormality can be discerned from the findings presented in this endoscopic image?,No abnormality,Does this image contain any finding?,No
2117,image_2117.jpg,Lesion Type Identification,"Analyze this endoscopic image for any pathological findings. Should any be identified, what classification do they fall under?",No abnormality,Does this image contain any finding?,No
2118,image_2118.jpg,Lesion Type Identification,"Please analyze the provided endoscopic image and determine whether any pathological findings are present. If abnormalities are identified, what specific type do they appear to be?",No abnormality,Does this image contain any finding?,No
2119,image_2119.jpg,Lesion Type Identification,"Does this endoscopic image reveal any pathological findings? If so, could you identify the specific nature of the anomaly?",No abnormality,Does this image contain any finding?,No
2120,image_2120.jpg,Lesion Type Identification,"Does this image reveal any pathological findings, and if so, what specific type of anomaly could it indicate?",No abnormality,Does this image contain any finding?,No
2121,image_2121.jpg,Lesion Type Identification,"Could you analyze this endoscopic image and determine whether any pathological findings are present? If abnormalities are identified, what specific type might they be?",No abnormality,Does this image contain any finding?,No
2122,image_2122.jpg,Lesion Type Identification,What specific pathological finding can be discerned from the provided endoscopic image?,No abnormality,Does this image contain any finding?,No
2123,image_2123.jpg,Lesion Type Identification,"Could you analyze this endoscopic image and determine whether any pathological findings are present? If abnormalities are identified, what specific type might they be?",No abnormality,Does this image contain any finding?,No
2124,image_2124.jpg,Lesion Type Identification,"Does this image reveal any pathological findings? If it does, please characterize the nature of the abnormality.",No abnormality,Does this image contain any finding?,No
2125,image_2125.jpg,Lesion Type Identification,What specific abnormality can be discerned from the findings presented in this endoscopic image?,No abnormality,Does this image contain any finding?,No
2126,image_2126.jpg,Lesion Type Identification,"Does this endoscopic image reveal any pathological findings? If so, could you identify the specific nature of the anomaly?",No abnormality,Does this image contain any finding?,No
2127,image_2127.jpg,Lesion Type Identification,What specific pathological finding can be discerned from the provided endoscopic image?,No abnormality,Does this image contain any finding?,No
2128,image_2128.jpg,Lesion Type Identification,What kind of pathological finding can be discerned from the provided endoscopic image?,vascular lesion,Does this image contain any finding?,Yes
2129,image_2129.jpg,Lesion Type Identification,"Examine this endoscopic image and indicate whether any pathological findings are present. If abnormalities are detected, please identify their specific nature.",vascular lesion,Does this image contain any finding?,Yes
2130,image_2130.jpg,Lesion Type Identification,"Examine this endoscopic image for any irregularities. Should any be identified, what classification of abnormality can be discerned?",vascular lesion,Does this image contain any finding?,Yes
2131,image_2131.jpg,Lesion Type Identification,"Does this image reveal any pathological findings? If it does, please characterize the nature of the identified abnormality.",vascular lesion,Does this image contain any finding?,Yes
2132,image_2132.jpg,Lesion Type Identification,"Does this endoscopic image reveal any pathological findings? If so, could you identify the specific type?",vascular lesion,Does this image contain any finding?,Yes
2133,image_2133.jpg,Lesion Type Identification,"Assess this endoscopic image for any pathological findings. Should abnormalities be identified, what classification do they fall under?",vascular lesion,Does this image contain any finding?,Yes
2134,image_2134.jpg,Lesion Type Identification,"Does this endoscopic image reveal any pathological findings? If so, could you identify the specific type?",vascular lesion,Does this image contain any finding?,Yes
2135,image_2135.jpg,Lesion Type Identification,"Examine the provided endoscopic image and indicate whether any pathological findings are present. If abnormalities are detected, please identify their specific nature.",vascular lesion,Does this image contain any finding?,Yes
2136,image_2136.jpg,Lesion Type Identification,What kind of pathological finding can be discerned from the provided endoscopic image?,vascular lesion,Does this image contain any finding?,Yes
2137,image_2137.jpg,Lesion Type Identification,"Examine this endoscopic image for any irregularities. Should any be identified, what classification of abnormality is evident?",vascular lesion,Does this image contain any finding?,Yes
2138,image_2138.jpg,Lesion Type Identification,"Please analyze the provided endoscopic image and determine whether any pathological findings are present. If abnormalities are identified, could you specify their nature?",vascular lesion,Does this image contain any finding?,Yes
2139,image_2139.jpg,Lesion Type Identification,What kind of pathological finding can be discerned from the endoscopic image presented?,vascular lesion,Does this image contain any finding?,Yes
2140,image_2140.jpg,Lesion Type Identification,"Could you analyze this endoscopic image and determine whether any pathological findings are present? If abnormalities are identified, what specific type do they appear to be?",vascular lesion,Does this image contain any finding?,Yes
2141,image_2141.jpg,Lesion Type Identification,"Analyze this endoscopic image for any pathological findings. Should any be identified, what classification do they fall under?",vascular lesion,Does this image contain any finding?,Yes
2142,image_2142.jpg,Lesion Type Identification,"Does this endoscopic image reveal any pathological findings? If so, could you identify the specific type?",vascular lesion,Does this image contain any finding?,Yes
2143,image_2143.jpg,Lesion Type Identification,"Does this image reveal any pathological findings? If it does, please characterize the nature of the abnormality.",vascular lesion,Does this image contain any finding?,Yes
2144,image_2144.jpg,Lesion Type Identification,"Does this image reveal any pathological findings, and if so, what classification of abnormality does it exhibit?",vascular lesion,Does this image contain any finding?,Yes
2145,image_2145.jpg,Lesion Type Identification,What kind of pathological finding can be discerned from the endoscopic image presented?,vascular lesion,Does this image contain any finding?,Yes
2146,image_2146.jpg,Lesion Type Identification,"Examine the provided endoscopic image and indicate whether any pathological findings are present. If so, please specify the nature of the lesion.",vascular lesion,Does this image contain any finding?,Yes
2147,image_2147.jpg,Lesion Type Identification,What kind of pathological finding can be discerned from the provided endoscopic image?,inflammatory lesion,Does this image contain any finding?,Yes
2148,image_2148.jpg,Lesion Type Identification,"Examine this endoscopic image for any irregularities. Should any be identified, what classification of abnormality can be discerned?",inflammatory lesion,Does this image contain any finding?,Yes
2149,image_2149.jpg,Lesion Type Identification,"Does this endoscopic image reveal any pathological findings? If so, could you identify the specific type?",inflammatory lesion,Does this image contain any finding?,Yes
2150,image_2150.jpg,Lesion Type Identification,"Examine the provided endoscopic image and indicate whether any pathological findings are present. If abnormalities are detected, please identify their specific nature.",inflammatory lesion,Does this image contain any finding?,Yes
2151,image_2151.jpg,Lesion Type Identification,"Does this image reveal any pathological findings, and if so, what specific type of anomaly could it be?",inflammatory lesion,Does this image contain any finding?,Yes
2152,image_2152.jpg,Lesion Type Identification,What kind of pathological finding can be discerned from the endoscopic image presented?,inflammatory lesion,Does this image contain any finding?,Yes
2153,image_2153.jpg,Lesion Type Identification,What kind of pathological finding can be discerned from the provided endoscopic image?,inflammatory lesion,Does this image contain any finding?,Yes
2154,image_2154.jpg,Lesion Type Identification,"Examine the provided endoscopic image and indicate whether any pathological findings are present. If abnormalities are detected, please identify their specific nature.",inflammatory lesion,Does this image contain any finding?,Yes
2155,image_2155.jpg,Lesion Type Identification,"Examine the provided endoscopic image and indicate whether any pathological findings are present. If so, please specify the nature of the abnormalities observed.",inflammatory lesion,Does this image contain any finding?,Yes
2156,image_2156.jpg,Lesion Type Identification,What kind of pathological finding can be discerned from the provided endoscopic image?,inflammatory lesion,Does this image contain any finding?,Yes
2157,image_2157.jpg,Lesion Type Identification,"Examine this endoscopic image for potential irregularities. Should any be identified, what classification of abnormality can be discerned?",inflammatory lesion,Does this image contain any finding?,Yes
2158,image_2158.jpg,Lesion Type Identification,"Examine the provided endoscopic image and indicate whether any pathological findings are present. If so, please specify the nature of the abnormalities observed.",inflammatory lesion,Does this image contain any finding?,Yes
2159,image_2159.jpg,Lesion Type Identification,"Examine the provided endoscopic image and indicate whether any pathological findings are present. If so, please specify the nature of the abnormalities observed.",inflammatory lesion,Does this image contain any finding?,Yes
2160,image_2160.jpg,Lesion Type Identification,"Examine this endoscopic image for potential irregularities. Should any be identified, what classification of abnormality is evident?",inflammatory lesion,Does this image contain any finding?,Yes
2161,image_2161.jpg,Lesion Type Identification,"Can you identify any pathological findings in this image? If present, please characterize the nature of the abnormality.",inflammatory lesion,Does this image contain any finding?,Yes
2162,image_2162.jpg,Lesion Type Identification,"Does this image reveal any pathological findings? If it does, please characterize the nature of the abnormality.",inflammatory lesion,Does this image contain any finding?,Yes
2163,image_2163.jpg,Lesion Type Identification,"Examine the provided endoscopic image and indicate whether any pathological findings are present. If so, please specify the nature of the abnormalities observed.",inflammatory lesion,Does this image contain any finding?,Yes
2164,image_2164.jpg,Lesion Type Identification,"Examine the provided endoscopic image and indicate whether any pathological findings are present. If so, please specify the nature of the lesion.",inflammatory lesion,Does this image contain any finding?,Yes
2165,image_2165.jpg,Lesion Type Identification,"Examine this endoscopic image for any potential irregularities. Should any be identified, what classification of abnormality is evident?",polypoid lesion,Does this image contain any finding?,Yes
2165,image_2165.jpg,Lesion Type Identification,"Examine this endoscopic image for any potential irregularities. Should any be identified, what classification of abnormality is evident?",polypoid lesion,Are there any abnormalities in the image? Check all that are present.,Polyp
2166,image_2166.jpg,Lesion Type Identification,"Examine the provided endoscopic image and indicate whether any pathological findings are present. If abnormalities are detected, please identify their specific nature.",polypoid lesion,Does this image contain any finding?,Yes
2166,image_2166.jpg,Lesion Type Identification,"Examine the provided endoscopic image and indicate whether any pathological findings are present. If abnormalities are detected, please identify their specific nature.",polypoid lesion,Are there any abnormalities in the image? Check all that are present.,Polyp
2167,image_2167.jpg,Lesion Type Identification,"Analyze this endoscopic image for any pathological findings. Should any be identified, what classification do they fall under?",polypoid lesion,Does this image contain any finding?,Yes
2167,image_2167.jpg,Lesion Type Identification,"Analyze this endoscopic image for any pathological findings. Should any be identified, what classification do they fall under?",polypoid lesion,Are there any abnormalities in the image? Check all that are present.,Polyp
2168,image_2168.jpg,Lesion Type Identification,"Examine this endoscopic image for any irregularities. If any are identified, what classification of abnormality can be discerned?",polypoid lesion,Does this image contain any finding?,Yes
2168,image_2168.jpg,Lesion Type Identification,"Examine this endoscopic image for any irregularities. If any are identified, what classification of abnormality can be discerned?",polypoid lesion,Are there any abnormalities in the image? Check all that are present.,Polyp
2169,image_2169.jpg,Lesion Type Identification,"Examine this endoscopic image and indicate whether any pathological findings are present. If abnormalities are detected, please identify their specific nature.",polypoid lesion,Does this image contain any finding?,Yes
2169,image_2169.jpg,Lesion Type Identification,"Examine this endoscopic image and indicate whether any pathological findings are present. If abnormalities are detected, please identify their specific nature.",polypoid lesion,Are there any abnormalities in the image? Check all that are present.,Polyp
2170,image_2170.jpg,Lesion Type Identification,"Does this endoscopic image reveal any pathological findings? If so, could you identify the specific condition?",ulcerative colitis,Does this image contain any finding?,Yes
2170,image_2170.jpg,Lesion Type Identification,"Does this endoscopic image reveal any pathological findings? If so, could you identify the specific condition?",ulcerative colitis,Are there any abnormalities in the image? Check all that are present.,Ulcerative Colitis
2171,image_2171.jpg,Lesion Type Identification,"Examine the provided endoscopic image and indicate whether any pathological findings are present. If so, please specify the nature of the abnormalities observed.",ulcerative colitis,Does this image contain any finding?,Yes
2171,image_2171.jpg,Lesion Type Identification,"Examine the provided endoscopic image and indicate whether any pathological findings are present. If so, please specify the nature of the abnormalities observed.",ulcerative colitis,Are there any abnormalities in the image? Check all that are present.,Ulcerative Colitis
2172,image_2172.jpg,Lesion Type Identification,"Analyze this endoscopic image for any pathological findings. Should any be identified, what classifications do they fall under?",ulcerative colitis,Does this image contain any finding?,Yes
2172,image_2172.jpg,Lesion Type Identification,"Analyze this endoscopic image for any pathological findings. Should any be identified, what classifications do they fall under?",ulcerative colitis,Are there any abnormalities in the image? Check all that are present.,Ulcerative Colitis
2173,image_2173.jpg,Lesion Type Identification,"Analyze this endoscopic image for any pathological findings. Should any be identified, what classifications do they fall under?",ulcerative colitis,Does this image contain any finding?,Yes
2173,image_2173.jpg,Lesion Type Identification,"Analyze this endoscopic image for any pathological findings. Should any be identified, what classifications do they fall under?",ulcerative colitis,Are there any abnormalities in the image? Check all that are present.,Ulcerative Colitis
2174,image_2174.jpg,Lesion Type Identification,"Examine this endoscopic image for any pathological findings. If abnormalities are identified, what specific type of condition could be indicated?",ulcerative colitis,Does this image contain any finding?,Yes
2174,image_2174.jpg,Lesion Type Identification,"Examine this endoscopic image for any pathological findings. If abnormalities are identified, what specific type of condition could be indicated?",ulcerative colitis,Are there any abnormalities in the image? Check all that are present.,Ulcerative Colitis
2175,image_2175.jpg,Lesion Type Identification,"Does this endoscopic visualization reveal any pathological findings? If so, could you identify the specific condition?",ulcerative colitis,Does this image contain any finding?,Yes
2175,image_2175.jpg,Lesion Type Identification,"Does this endoscopic visualization reveal any pathological findings? If so, could you identify the specific condition?",ulcerative colitis,Are there any abnormalities in the image? Check all that are present.,Ulcerative Colitis
2176,image_2176.jpg,Lesion Type Identification,"Assess this endoscopic image for any pathological findings. Should abnormalities be present, what classifications do they fall under?",ulcerative colitis,Does this image contain any finding?,Yes
2176,image_2176.jpg,Lesion Type Identification,"Assess this endoscopic image for any pathological findings. Should abnormalities be present, what classifications do they fall under?",ulcerative colitis,Are there any abnormalities in the image? Check all that are present.,Ulcerative Colitis
2177,image_2177.jpg,Lesion Type Identification,"Does this endoscopic image reveal any pathological findings? If so, could you identify the specific condition?",ulcerative colitis,Does this image contain any finding?,Yes
2177,image_2177.jpg,Lesion Type Identification,"Does this endoscopic image reveal any pathological findings? If so, could you identify the specific condition?",ulcerative colitis,Are there any abnormalities in the image? Check all that are present.,Ulcerative Colitis
2178,image_2178.jpg,Lesion Type Identification,"Does this image reveal any pathological findings, and if so, what specific type of anomaly could it indicate?",ulcerative colitis,Does this image contain any finding?,Yes
2178,image_2178.jpg,Lesion Type Identification,"Does this image reveal any pathological findings, and if so, what specific type of anomaly could it indicate?",ulcerative colitis,Are there any abnormalities in the image? Check all that are present.,Ulcerative Colitis
2179,image_2179.jpg,Lesion Type Identification,"Examine the provided endoscopic image and indicate whether any pathological findings are present. If abnormalities are detected, please identify their specific nature.",ulcerative colitis,Does this image contain any finding?,Yes
2179,image_2179.jpg,Lesion Type Identification,"Examine the provided endoscopic image and indicate whether any pathological findings are present. If abnormalities are detected, please identify their specific nature.",ulcerative colitis,Are there any abnormalities in the image? Check all that are present.,Ulcerative Colitis
2180,image_2180.jpg,Lesion Type Identification,"Analyze this endoscopic image for any pathological findings. Should any be identified, what classifications do they fall under?",ulcerative colitis,Does this image contain any finding?,Yes
2180,image_2180.jpg,Lesion Type Identification,"Analyze this endoscopic image for any pathological findings. Should any be identified, what classifications do they fall under?",ulcerative colitis,Are there any abnormalities in the image? Check all that are present.,Ulcerative Colitis
2181,image_2181.jpg,Lesion Type Identification,"Examine this endoscopic image and indicate whether any pathological findings are present. If abnormalities are detected, please identify their specific nature.",ulcerative colitis,Does this image contain any finding?,Yes
2181,image_2181.jpg,Lesion Type Identification,"Examine this endoscopic image and indicate whether any pathological findings are present. If abnormalities are detected, please identify their specific nature.",ulcerative colitis,Are there any abnormalities in the image? Check all that are present.,Ulcerative Colitis
2182,image_2182.jpg,Lesion Type Identification,"Does this endoscopic image reveal any pathological findings? If so, could you identify the specific condition?",ulcerative colitis,Does this image contain any finding?,Yes
2182,image_2182.jpg,Lesion Type Identification,"Does this endoscopic image reveal any pathological findings? If so, could you identify the specific condition?",ulcerative colitis,Are there any abnormalities in the image? Check all that are present.,Ulcerative Colitis
2183,image_2183.jpg,Lesion Type Identification,"Examine the provided endoscopic image and indicate whether any pathological findings are present. If so, please specify the nature of the abnormalities observed.",ulcerative colitis,Does this image contain any finding?,Yes
2183,image_2183.jpg,Lesion Type Identification,"Examine the provided endoscopic image and indicate whether any pathological findings are present. If so, please specify the nature of the abnormalities observed.",ulcerative colitis,Are there any abnormalities in the image? Check all that are present.,Ulcerative Colitis
2184,image_2184.jpg,Lesion Type Identification,"Examine the provided endoscopic image and indicate whether any pathological findings are present. If so, please specify the nature of the abnormalities observed.",ulcerative colitis,Does this image contain any finding?,Yes
2184,image_2184.jpg,Lesion Type Identification,"Examine the provided endoscopic image and indicate whether any pathological findings are present. If so, please specify the nature of the abnormalities observed.",ulcerative colitis,Are there any abnormalities in the image? Check all that are present.,Ulcerative Colitis
2185,image_2185.jpg,Lesion Type Identification,"Analyze this endoscopic image for any pathological findings. Should any be identified, what classifications do they fall under?",ulcerative colitis,Does this image contain any finding?,Yes
2185,image_2185.jpg,Lesion Type Identification,"Analyze this endoscopic image for any pathological findings. Should any be identified, what classifications do they fall under?",ulcerative colitis,Are there any abnormalities in the image? Check all that are present.,Ulcerative Colitis
2186,image_2186.jpg,Lesion Type Identification,"Examine the provided endoscopic image and indicate whether any pathological findings are present. If so, please specify the nature of the abnormalities observed.",ulcerative colitis,Does this image contain any finding?,Yes
2186,image_2186.jpg,Lesion Type Identification,"Examine the provided endoscopic image and indicate whether any pathological findings are present. If so, please specify the nature of the abnormalities observed.",ulcerative colitis,Are there any abnormalities in the image? Check all that are present.,Ulcerative Colitis
2187,image_2187.jpg,Lesion Type Identification,"Can you identify any pathological findings in this image? If present, please characterize the nature of the abnormality.",ulcerative colitis,Does this image contain any finding?,Yes
2187,image_2187.jpg,Lesion Type Identification,"Can you identify any pathological findings in this image? If present, please characterize the nature of the abnormality.",ulcerative colitis,Are there any abnormalities in the image? Check all that are present.,Ulcerative Colitis
2188,image_2188.jpg,Lesion Type Identification,"Assess this endoscopic image for any pathological findings. Should abnormalities be identified, what classifications do they fall under?",ulcerative colitis,Does this image contain any finding?,Yes
2188,image_2188.jpg,Lesion Type Identification,"Assess this endoscopic image for any pathological findings. Should abnormalities be identified, what classifications do they fall under?",ulcerative colitis,Are there any abnormalities in the image? Check all that are present.,Ulcerative Colitis
2189,image_2189.jpg,Lesion Type Identification,"Please analyze the provided endoscopic image and determine whether any pathological findings are present. If abnormalities are identified, could you specify their nature?",ulcerative colitis,Does this image contain any finding?,Yes
2189,image_2189.jpg,Lesion Type Identification,"Please analyze the provided endoscopic image and determine whether any pathological findings are present. If abnormalities are identified, could you specify their nature?",ulcerative colitis,Are there any abnormalities in the image? Check all that are present.,Ulcerative Colitis
2190,image_2190.jpg,Lesion Type Identification,"Examine this endoscopic image for any pathological findings. If abnormalities are identified, what specific type of condition could be indicated?",polyps,Does this image contain any finding?,Yes
2190,image_2190.jpg,Lesion Type Identification,"Examine this endoscopic image for any pathological findings. If abnormalities are identified, what specific type of condition could be indicated?",polyps,Are there any abnormalities in the image? Check all that are present.,Polyp
2191,image_2191.jpg,Lesion Type Identification,"Analyze this endoscopic image for any pathological findings. Should abnormalities be present, what classifications do they fall under?",polyps,Does this image contain any finding?,Yes
2191,image_2191.jpg,Lesion Type Identification,"Analyze this endoscopic image for any pathological findings. Should abnormalities be present, what classifications do they fall under?",polyps,Are there any abnormalities in the image? Check all that are present.,Polyp
2192,image_2192.jpg,Lesion Type Identification,"Does this endoscopic image reveal any pathological findings? If so, could you identify the specific condition?",polyps,Does this image contain any finding?,Yes
2192,image_2192.jpg,Lesion Type Identification,"Does this endoscopic image reveal any pathological findings? If so, could you identify the specific condition?",polyps,Are there any abnormalities in the image? Check all that are present.,Polyp
2193,image_2193.jpg,Lesion Type Identification,"Does this image reveal any pathological findings, and if so, what specific type of anomaly could it indicate?",polyps,Does this image contain any finding?,Yes
2193,image_2193.jpg,Lesion Type Identification,"Does this image reveal any pathological findings, and if so, what specific type of anomaly could it indicate?",polyps,Are there any abnormalities in the image? Check all that are present.,Polyp
2194,image_2194.jpg,Lesion Type Identification,"Assess this endoscopic image for any pathological findings. Should abnormalities be present, what classifications do they fall under?",polyps,Does this image contain any finding?,Yes
2194,image_2194.jpg,Lesion Type Identification,"Assess this endoscopic image for any pathological findings. Should abnormalities be present, what classifications do they fall under?",polyps,Are there any abnormalities in the image? Check all that are present.,Polyp
2195,image_2195.jpg,Lesion Type Identification,"Assess this endoscopic image for any pathological findings. Should any be identified, what classifications do they fall under?",polyps,Does this image contain any finding?,Yes
2195,image_2195.jpg,Lesion Type Identification,"Assess this endoscopic image for any pathological findings. Should any be identified, what classifications do they fall under?",polyps,Are there any abnormalities in the image? Check all that are present.,Polyp
2196,image_2196.jpg,Lesion Type Identification,"Can you identify any pathological findings in this image? If present, please characterize the nature of the abnormality.",polyps,Does this image contain any finding?,Yes
2196,image_2196.jpg,Lesion Type Identification,"Can you identify any pathological findings in this image? If present, please characterize the nature of the abnormality.",polyps,Are there any abnormalities in the image? Check all that are present.,Polyp
2197,image_2197.jpg,Lesion Type Identification,"Does this endoscopic visualization reveal any pathological findings? If so, could you identify the specific condition?",polyps,Does this image contain any finding?,Yes
2197,image_2197.jpg,Lesion Type Identification,"Does this endoscopic visualization reveal any pathological findings? If so, could you identify the specific condition?",polyps,Are there any abnormalities in the image? Check all that are present.,Polyp
2198,image_2198.jpg,Lesion Type Identification,"Does this endoscopic visualization reveal any pathological findings? If so, could you identify the specific condition?",polyps,Does this image contain any finding?,Yes
2198,image_2198.jpg,Lesion Type Identification,"Does this endoscopic visualization reveal any pathological findings? If so, could you identify the specific condition?",polyps,Are there any abnormalities in the image? Check all that are present.,Polyp
2199,image_2199.jpg,Lesion Type Identification,"Examine the provided endoscopic image and indicate whether any pathological findings are present. If abnormalities are detected, please identify their specific nature.",polyps,Does this image contain any finding?,Yes
2199,image_2199.jpg,Lesion Type Identification,"Examine the provided endoscopic image and indicate whether any pathological findings are present. If abnormalities are detected, please identify their specific nature.",polyps,Are there any abnormalities in the image? Check all that are present.,Polyp
2200,image_2200.jpg,Lesion Type Identification,"Analyze this endoscopic image for any pathological findings. Should any be identified, what classifications do they fall under?",polyps,Does this image contain any finding?,Yes
2200,image_2200.jpg,Lesion Type Identification,"Analyze this endoscopic image for any pathological findings. Should any be identified, what classifications do they fall under?",polyps,Are there any abnormalities in the image? Check all that are present.,Polyp
2201,image_2201.jpg,Lesion Type Identification,"Examine the provided endoscopic image and indicate whether any pathological findings are present. If so, please specify the nature of the abnormalities observed.",polyps,Does this image contain any finding?,Yes
2201,image_2201.jpg,Lesion Type Identification,"Examine the provided endoscopic image and indicate whether any pathological findings are present. If so, please specify the nature of the abnormalities observed.",polyps,Are there any abnormalities in the image? Check all that are present.,Polyp
2202,image_2202.jpg,Lesion Type Identification,"Examine this endoscopic image for any pathological findings. If any are identified, what specific type of anomaly is evident?",polyps,Does this image contain any finding?,Yes
2202,image_2202.jpg,Lesion Type Identification,"Examine this endoscopic image for any pathological findings. If any are identified, what specific type of anomaly is evident?",polyps,Are there any abnormalities in the image? Check all that are present.,Polyp
2203,image_2203.jpg,Lesion Type Identification,"Could you analyze this endoscopic image and determine whether any pathological findings are present? If abnormalities are identified, what specific type might they be?",polyps,Does this image contain any finding?,Yes
2203,image_2203.jpg,Lesion Type Identification,"Could you analyze this endoscopic image and determine whether any pathological findings are present? If abnormalities are identified, what specific type might they be?",polyps,Are there any abnormalities in the image? Check all that are present.,Polyp
2204,image_2204.jpg,Lesion Type Identification,"Examine this endoscopic image for any potential irregularities. Should any be identified, what specific type of abnormality could be indicated?",polyps,Does this image contain any finding?,Yes
2204,image_2204.jpg,Lesion Type Identification,"Examine this endoscopic image for any potential irregularities. Should any be identified, what specific type of abnormality could be indicated?",polyps,Are there any abnormalities in the image? Check all that are present.,Polyp
2205,image_2205.jpg,Lesion Type Identification,What specific pathological finding can be discerned from the provided endoscopic image?,polyps,Does this image contain any finding?,Yes
2205,image_2205.jpg,Lesion Type Identification,What specific pathological finding can be discerned from the provided endoscopic image?,polyps,Are there any abnormalities in the image? Check all that are present.,Polyp
2206,image_2206.jpg,Lesion Type Identification,"Does this endoscopic image reveal any pathological findings? If so, could you identify the specific type?",polyps,Does this image contain any finding?,Yes
2206,image_2206.jpg,Lesion Type Identification,"Does this endoscopic image reveal any pathological findings? If so, could you identify the specific type?",polyps,Are there any abnormalities in the image? Check all that are present.,Polyp
2207,image_2207.jpg,Lesion Type Identification,"Examine this endoscopic image and indicate whether any pathological findings are present. If abnormalities are detected, please identify their specific nature.",polyps,Does this image contain any finding?,Yes
2207,image_2207.jpg,Lesion Type Identification,"Examine this endoscopic image and indicate whether any pathological findings are present. If abnormalities are detected, please identify their specific nature.",polyps,Are there any abnormalities in the image? Check all that are present.,Polyp
2208,image_2208.jpg,Lesion Type Identification,"Does this image reveal any pathological findings, and if so, what specific type of anomaly could it indicate?",polyps,Does this image contain any finding?,Yes
2208,image_2208.jpg,Lesion Type Identification,"Does this image reveal any pathological findings, and if so, what specific type of anomaly could it indicate?",polyps,Are there any abnormalities in the image? Check all that are present.,Polyp
2209,image_2209.jpg,Lesion Type Identification,"Examine the provided endoscopic image and indicate whether any pathological findings are present. If abnormalities are detected, please identify their specific nature.",polyps,Does this image contain any finding?,Yes
2209,image_2209.jpg,Lesion Type Identification,"Examine the provided endoscopic image and indicate whether any pathological findings are present. If abnormalities are detected, please identify their specific nature.",polyps,Are there any abnormalities in the image? Check all that are present.,Polyp
2210,image_2210.jpg,Lesion Type Identification,"Assess this endoscopic image for any pathological findings. Should abnormalities be present, what classifications could they fall under?",esophagitis,Does this image contain any finding?,Yes
2210,image_2210.jpg,Lesion Type Identification,"Assess this endoscopic image for any pathological findings. Should abnormalities be present, what classifications could they fall under?",esophagitis,Are there any abnormalities in the image? Check all that are present.,Oesophagitis
2211,image_2211.jpg,Lesion Type Identification,"Examine this endoscopic image for any irregularities. Should any be identified, what specific type of abnormality could be present?",esophagitis,Does this image contain any finding?,Yes
2211,image_2211.jpg,Lesion Type Identification,"Examine this endoscopic image for any irregularities. Should any be identified, what specific type of abnormality could be present?",esophagitis,Are there any abnormalities in the image? Check all that are present.,Oesophagitis
2212,image_2212.jpg,Lesion Type Identification,"Does this image reveal any pathological findings, and if so, what specific type of anomaly could it indicate?",esophagitis,Does this image contain any finding?,Yes
2212,image_2212.jpg,Lesion Type Identification,"Does this image reveal any pathological findings, and if so, what specific type of anomaly could it indicate?",esophagitis,Are there any abnormalities in the image? Check all that are present.,Oesophagitis
2213,image_2213.jpg,Lesion Type Identification,"Could you analyze this endoscopic image and determine whether any pathological findings are present? If abnormalities are identified, what specific type might they be?",esophagitis,Does this image contain any finding?,Yes
2213,image_2213.jpg,Lesion Type Identification,"Could you analyze this endoscopic image and determine whether any pathological findings are present? If abnormalities are identified, what specific type might they be?",esophagitis,Are there any abnormalities in the image? Check all that are present.,Oesophagitis
2214,image_2214.jpg,Lesion Type Identification,"Examine the provided endoscopic image and indicate whether any pathological findings are present. If abnormalities are detected, please identify their specific nature.",esophagitis,Does this image contain any finding?,Yes
2214,image_2214.jpg,Lesion Type Identification,"Examine the provided endoscopic image and indicate whether any pathological findings are present. If abnormalities are detected, please identify their specific nature.",esophagitis,Are there any abnormalities in the image? Check all that are present.,Oesophagitis
2215,image_2215.jpg,Lesion Type Identification,"Examine this endoscopic image for any potential irregularities. If any are identified, what specific type of abnormality could be present?",esophagitis,Does this image contain any finding?,Yes
2215,image_2215.jpg,Lesion Type Identification,"Examine this endoscopic image for any potential irregularities. If any are identified, what specific type of abnormality could be present?",esophagitis,Are there any abnormalities in the image? Check all that are present.,Oesophagitis
2216,image_2216.jpg,Lesion Type Identification,"Examine the provided endoscopic image and indicate whether any pathological findings are present. If so, please specify the nature of these findings.",esophagitis,Does this image contain any finding?,Yes
2216,image_2216.jpg,Lesion Type Identification,"Examine the provided endoscopic image and indicate whether any pathological findings are present. If so, please specify the nature of these findings.",esophagitis,Are there any abnormalities in the image? Check all that are present.,Oesophagitis
2217,image_2217.jpg,Lesion Type Identification,"Examine the provided endoscopic image and indicate whether any pathological findings are present. If abnormalities are detected, please identify their specific nature.",esophagitis,Does this image contain any finding?,Yes
2217,image_2217.jpg,Lesion Type Identification,"Examine the provided endoscopic image and indicate whether any pathological findings are present. If abnormalities are detected, please identify their specific nature.",esophagitis,Are there any abnormalities in the image? Check all that are present.,Oesophagitis
2218,image_2218.jpg,Lesion Type Identification,What specific pathological finding can be discerned from the provided endoscopic image?,esophagitis,Does this image contain any finding?,Yes
2218,image_2218.jpg,Lesion Type Identification,What specific pathological finding can be discerned from the provided endoscopic image?,esophagitis,Are there any abnormalities in the image? Check all that are present.,Oesophagitis
2219,image_2219.jpg,Lesion Type Identification,"Does this image reveal any pathological findings? If it does, please characterize the nature of the identified abnormality.",esophagitis,Does this image contain any finding?,Yes
2219,image_2219.jpg,Lesion Type Identification,"Does this image reveal any pathological findings? If it does, please characterize the nature of the identified abnormality.",esophagitis,Are there any abnormalities in the image? Check all that are present.,Oesophagitis
2220,image_2220.jpg,Lesion Type Identification,"Does this image reveal any pathological findings, and if so, what specific type of anomaly could it indicate?",esophagitis,Does this image contain any finding?,Yes
2220,image_2220.jpg,Lesion Type Identification,"Does this image reveal any pathological findings, and if so, what specific type of anomaly could it indicate?",esophagitis,Are there any abnormalities in the image? Check all that are present.,Oesophagitis
2221,image_2221.jpg,Lesion Type Identification,"Please analyze the provided endoscopic image and determine whether any pathological findings are present. If abnormalities are identified, could you specify their nature?",esophagitis,Does this image contain any finding?,Yes
2221,image_2221.jpg,Lesion Type Identification,"Please analyze the provided endoscopic image and determine whether any pathological findings are present. If abnormalities are identified, could you specify their nature?",esophagitis,Are there any abnormalities in the image? Check all that are present.,Oesophagitis
2222,image_2222.jpg,Lesion Type Identification,"Could you analyze this endoscopic image and determine whether any pathological findings are present? If abnormalities are identified, what specific type might they be?",esophagitis,Does this image contain any finding?,Yes
2222,image_2222.jpg,Lesion Type Identification,"Could you analyze this endoscopic image and determine whether any pathological findings are present? If abnormalities are identified, what specific type might they be?",esophagitis,Are there any abnormalities in the image? Check all that are present.,Oesophagitis
2223,image_2223.jpg,Lesion Type Identification,"Please analyze the provided endoscopic image and determine whether any pathological findings are present. If abnormalities are identified, what specific type do they appear to be?",esophagitis,Does this image contain any finding?,Yes
2223,image_2223.jpg,Lesion Type Identification,"Please analyze the provided endoscopic image and determine whether any pathological findings are present. If abnormalities are identified, what specific type do they appear to be?",esophagitis,Are there any abnormalities in the image? Check all that are present.,Oesophagitis
2224,image_2224.jpg,Lesion Type Identification,"Does this image reveal any pathological findings? If it does, please characterize the nature of the identified abnormality.",esophagitis,Does this image contain any finding?,Yes
2224,image_2224.jpg,Lesion Type Identification,"Does this image reveal any pathological findings? If it does, please characterize the nature of the identified abnormality.",esophagitis,Are there any abnormalities in the image? Check all that are present.,Oesophagitis
2225,image_2225.jpg,Lesion Type Identification,"Please analyze the provided endoscopic image and determine whether any pathological findings are present. If abnormalities are identified, could you specify their nature?",esophagitis,Does this image contain any finding?,Yes
2225,image_2225.jpg,Lesion Type Identification,"Please analyze the provided endoscopic image and determine whether any pathological findings are present. If abnormalities are identified, could you specify their nature?",esophagitis,Are there any abnormalities in the image? Check all that are present.,Oesophagitis
2226,image_2226.jpg,Lesion Type Identification,"Analyze this endoscopic image for any pathological findings. Should any be identified, what classifications do they fall under?",esophagitis,Does this image contain any finding?,Yes
2226,image_2226.jpg,Lesion Type Identification,"Analyze this endoscopic image for any pathological findings. Should any be identified, what classifications do they fall under?",esophagitis,Are there any abnormalities in the image? Check all that are present.,Oesophagitis
2227,image_2227.jpg,Lesion Type Identification,"Analyze this endoscopic image for any pathological findings. Should any be identified, what classifications do they fall under?",esophagitis,Does this image contain any finding?,Yes
2227,image_2227.jpg,Lesion Type Identification,"Analyze this endoscopic image for any pathological findings. Should any be identified, what classifications do they fall under?",esophagitis,Are there any abnormalities in the image? Check all that are present.,Oesophagitis
2228,image_2228.jpg,Lesion Type Identification,"Assess this endoscopic image for any pathological findings. Should abnormalities be present, what classifications do they fall under?",esophagitis,Does this image contain any finding?,Yes
2228,image_2228.jpg,Lesion Type Identification,"Assess this endoscopic image for any pathological findings. Should abnormalities be present, what classifications do they fall under?",esophagitis,Are there any abnormalities in the image? Check all that are present.,Oesophagitis
2229,image_2229.jpg,Lesion Type Identification,"Does this image reveal any pathological findings, and if so, what specific type of anomaly could it indicate?",esophagitis,Does this image contain any finding?,Yes
2229,image_2229.jpg,Lesion Type Identification,"Does this image reveal any pathological findings, and if so, what specific type of anomaly could it indicate?",esophagitis,Are there any abnormalities in the image? Check all that are present.,Oesophagitis
2230,image_2230.jpg,Lesion Type Identification,"Could you analyze this endoscopic image and determine whether any pathological findings are present? If abnormalities are identified, what specific type might they be?",active bleeding,Does this image contain any finding?,Yes
2231,image_2231.jpg,Lesion Type Identification,What specific pathological finding can be discerned from the provided endoscopic image?,active bleeding,Does this image contain any finding?,Yes
2232,image_2232.jpg,Lesion Type Identification,"Please analyze the provided endoscopic image and determine whether any pathological findings are present. If abnormalities are identified, could you specify their nature?",active bleeding,Does this image contain any finding?,Yes
2233,image_2233.jpg,Lesion Type Identification,"Please analyze the provided endoscopic image and determine whether any pathological findings are present. If abnormalities are identified, what specific types might they be?",active bleeding,Does this image contain any finding?,Yes
2234,image_2234.jpg,Lesion Type Identification,"Examine the provided endoscopic image and indicate whether any pathological findings are present. If so, please specify the nature of these findings.",active bleeding,Does this image contain any finding?,Yes
2235,image_2235.jpg,Lesion Type Identification,"Examine the provided endoscopic image and indicate whether any pathological findings are present. If so, please specify the nature of the abnormalities observed.",active bleeding,Does this image contain any finding?,Yes
2236,image_2236.jpg,Lesion Type Identification,"Can you identify any pathological findings in this image? If present, please characterize the nature of the abnormality.",active bleeding,Does this image contain any finding?,Yes
2237,image_2237.jpg,Lesion Type Identification,"Does this image reveal any pathological findings, and if so, what specific type of anomaly could it indicate?",active bleeding,Does this image contain any finding?,Yes
2238,image_2238.jpg,Lesion Type Identification,"Examine the provided endoscopic image and indicate whether any pathological findings are present. If so, please specify the nature of these findings.",active bleeding,Does this image contain any finding?,Yes
2239,image_2239.jpg,Lesion Type Identification,"Can you identify any pathological findings in this image? If present, please characterize the nature of the abnormality.",active bleeding,Does this image contain any finding?,Yes
2240,image_2240.jpg,Lesion Type Identification,"Examine this endoscopic image for potential irregularities. Should any be identified, what specific type of abnormality can be discerned?",active bleeding,Does this image contain any finding?,Yes
2241,image_2241.jpg,Lesion Type Identification,"Can you identify any pathological findings in this image? If present, please characterize the nature of the abnormality.",active bleeding,Does this image contain any finding?,Yes
2242,image_2242.jpg,Lesion Type Identification,"Does this endoscopic image reveal any pathological findings? If so, could you identify the specific nature of the abnormalities observed?",active bleeding,Does this image contain any finding?,Yes
2243,image_2243.jpg,Lesion Type Identification,"Does this endoscopic image reveal any pathological findings? If so, could you identify the specific type?",active bleeding,Does this image contain any finding?,Yes
2244,image_2244.jpg,Lesion Type Identification,"Analyze this endoscopic image for any pathological findings. Should any be identified, what classifications do they fall under?",active bleeding,Does this image contain any finding?,Yes
2245,image_2245.jpg,Lesion Type Identification,"Examine the provided endoscopic image and indicate whether any pathological findings are present. If so, please specify the nature of these findings.",active bleeding,Does this image contain any finding?,Yes
2246,image_2246.jpg,Lesion Type Identification,"Examine the provided endoscopic image and indicate whether any pathological findings are present. If so, please specify the nature of these findings.",active bleeding,Does this image contain any finding?,Yes
2247,image_2247.jpg,Lesion Type Identification,"Does this endoscopic image reveal any pathological findings? If so, could you identify the specific type?",active bleeding,Does this image contain any finding?,Yes
2248,image_2248.jpg,Lesion Type Identification,"Does this image reveal any pathological findings? If it does, please characterize the nature of the abnormality observed.",active bleeding,Does this image contain any finding?,Yes
2249,image_2249.jpg,Lesion Type Identification,"Examine the provided endoscopic image and indicate whether any pathological findings are present. If so, please characterize the nature of these findings.",active bleeding,Does this image contain any finding?,Yes
2250,image_2250.jpg,Lesion Type Identification,"Please analyze the provided endoscopic image and determine whether any pathological findings are present. If abnormalities are identified, what specific type do they appear to be?",congestion,Does this image contain any finding?,Yes
2251,image_2251.jpg,Lesion Type Identification,"Examine the provided endoscopic image and indicate whether any pathological findings are present. If so, please specify the nature of these findings.",congestion,Does this image contain any finding?,Yes
2252,image_2252.jpg,Lesion Type Identification,What specific pathological finding can be discerned from the provided endoscopic image?,congestion,Does this image contain any finding?,Yes
2253,image_2253.jpg,Lesion Type Identification,"Examine the provided endoscopic image and indicate whether any pathological findings are present. If so, please specify the nature of the abnormalities observed.",congestion,Does this image contain any finding?,Yes
2254,image_2254.jpg,Lesion Type Identification,"Does this image reveal any pathological findings? If it does, please characterize the nature of the identified anomaly.",congestion,Does this image contain any finding?,Yes
2255,image_2255.jpg,Lesion Type Identification,What specific pathological finding can be discerned from the provided endoscopic image?,congestion,Does this image contain any finding?,Yes
2256,image_2256.jpg,Lesion Type Identification,What specific pathological finding can be discerned from the provided endoscopic image?,congestion,Does this image contain any finding?,Yes
2257,image_2257.jpg,Lesion Type Identification,What specific pathological finding can be discerned from the provided endoscopic image?,congestion,Does this image contain any finding?,Yes
2258,image_2258.jpg,Lesion Type Identification,"Analyze this endoscopic image for any pathological findings. Should any be identified, what classification do they fall under?",congestion,Does this image contain any finding?,Yes
2259,image_2259.jpg,Lesion Type Identification,"Examine the provided endoscopic image and indicate whether any pathological findings are present. If so, please specify the nature of the abnormalities observed.",congestion,Does this image contain any finding?,Yes
2260,image_2260.jpg,Lesion Type Identification,"Does this endoscopic image reveal any pathological findings? If so, could you identify the specific type?",congestion,Does this image contain any finding?,Yes
2261,image_2261.jpg,Lesion Type Identification,"Does this endoscopic image reveal any pathological findings? If so, could you identify the specific type?",congestion,Does this image contain any finding?,Yes
2262,image_2262.jpg,Lesion Type Identification,"Does this image reveal any pathological findings, and if so, what specific type of anomaly can be identified?",congestion,Does this image contain any finding?,Yes
2263,image_2263.jpg,Lesion Type Identification,What specific abnormal finding can be discerned from the examination of this endoscopic image?,congestion,Does this image contain any finding?,Yes
2264,image_2264.jpg,Lesion Type Identification,What specific abnormal finding can be discerned from the provided endoscopic image?,congestion,Does this image contain any finding?,Yes
2265,image_2265.jpg,Lesion Type Identification,"Does this image reveal any pathological findings? If it does, please characterize the nature of the observed anomaly.",congestion,Does this image contain any finding?,Yes
2266,image_2266.jpg,Lesion Type Identification,What specific pathological finding can be discerned from the examination of this endoscopic image?,congestion,Does this image contain any finding?,Yes
2267,image_2267.jpg,Lesion Type Identification,"Examine the provided endoscopic image and indicate whether any pathological findings are present. If so, please specify the nature of these findings.",congestion,Does this image contain any finding?,Yes
2268,image_2268.jpg,Lesion Type Identification,"Examine this endoscopic image for any irregularities. Should any be identified, what specific type of abnormality can be observed?",congestion,Does this image contain any finding?,Yes
2269,image_2269.jpg,Lesion Type Identification,"Does this image reveal any pathological findings, and if so, what specific type of anomaly can be identified?",congestion,Does this image contain any finding?,Yes
2270,image_2270.jpg,Lesion Type Identification,"Examine this endoscopic image for any pathological findings. If any are identified, what specific type of anomaly can be observed?",diverticula,Does this image contain any finding?,Yes
2271,image_2271.jpg,Lesion Type Identification,"Assess this endoscopic image for any pathological findings. Should abnormalities be identified, what classifications do they fall under?",diverticula,Does this image contain any finding?,Yes
2272,image_2272.jpg,Lesion Type Identification,"Does this image reveal any pathological findings? If it does, please characterize the nature of the identified abnormality.",elevated lesion,Does this image contain any finding?,Yes
2273,image_2273.jpg,Lesion Type Identification,"Examine this endoscopic image and indicate whether any pathological findings are present. If abnormalities are detected, please identify their specific nature.",elevated lesion,Does this image contain any finding?,Yes
2274,image_2274.jpg,Lesion Type Identification,"Examine the provided endoscopic image and indicate whether any pathological findings are present. If so, please specify the nature of the abnormalities observed.",elevated lesion,Does this image contain any finding?,Yes
2275,image_2275.jpg,Lesion Type Identification,"Analyze this endoscopic image for any pathological findings. Should abnormalities be present, what classifications do they fall under?",elevated lesion,Does this image contain any finding?,Yes
2276,image_2276.jpg,Lesion Type Identification,What kind of pathological finding can be discerned from the provided endoscopic image?,elevated lesion,Does this image contain any finding?,Yes
2277,image_2277.jpg,Lesion Type Identification,"Assess this endoscopic image for any pathological findings. Should abnormalities be present, what classifications do they fall under?",erosion,Does this image contain any finding?,Yes
2278,image_2278.jpg,Lesion Type Identification,"Examine the provided endoscopic image and indicate whether any pathological findings are present. If so, please specify the nature of the abnormalities observed.",erosion,Does this image contain any finding?,Yes
2279,image_2279.jpg,Lesion Type Identification,What specific pathological finding can be discerned from the provided endoscopic image?,erosion,Does this image contain any finding?,Yes
2280,image_2280.jpg,Lesion Type Identification,"Examine this endoscopic image and indicate whether any pathological findings are present. If so, please identify the specific type of abnormality observed.",erosion,Does this image contain any finding?,Yes
2281,image_2281.jpg,Lesion Type Identification,"Examine this endoscopic image and indicate whether any pathological findings are present. If abnormalities are detected, please identify their specific nature.",erosion,Does this image contain any finding?,Yes
2282,image_2282.jpg,Lesion Type Identification,"Examine this endoscopic image and indicate whether any pathological findings are present. If so, please identify the specific type of abnormality.",erosion,Does this image contain any finding?,Yes
2283,image_2283.jpg,Lesion Type Identification,"Examine this endoscopic image for any pathological findings. Should any be identified, what specific type of anomaly is evident?",erosion,Does this image contain any finding?,Yes
2284,image_2284.jpg,Lesion Type Identification,"Assess this endoscopic image for any pathological findings. Should abnormalities be identified, what classifications do they fall under?",erosion,Does this image contain any finding?,Yes
2285,image_2285.jpg,Lesion Type Identification,"Upon reviewing this endoscopic image, could you identify any pathological findings? If abnormalities are present, what specific types can be discerned?",erosion,Does this image contain any finding?,Yes
2286,image_2286.jpg,Lesion Type Identification,"Examine the provided endoscopic image and indicate whether any pathological findings are present. If so, please specify the nature of these findings.",erosion,Does this image contain any finding?,Yes
2287,image_2287.jpg,Lesion Type Identification,"Examine this endoscopic image for any irregularities. Should any be identified, what specific type of abnormality can be observed?",erosion,Does this image contain any finding?,Yes
2288,image_2288.jpg,Lesion Type Identification,"Can you identify any pathological findings in this image? If present, please characterize the nature of the abnormality.",erosion,Does this image contain any finding?,Yes
2289,image_2289.jpg,Lesion Type Identification,"Examine this endoscopic image for potential irregularities. Should any be identified, what specific type of abnormality could be indicated?",erosion,Does this image contain any finding?,Yes
2290,image_2290.jpg,Lesion Type Identification,"Examine this endoscopic image for any irregularities. Should any be identified, what specific type of abnormality can be observed?",erosion,Does this image contain any finding?,Yes
2291,image_2291.jpg,Lesion Type Identification,"Examine this endoscopic image for potential irregularities. Should any be identified, what specific type of abnormality could be present?",erosion,Does this image contain any finding?,Yes
2292,image_2292.jpg,Lesion Type Identification,What specific pathological finding can be discerned from the provided endoscopic image?,erosion,Does this image contain any finding?,Yes
2293,image_2293.jpg,Lesion Type Identification,"Does this endoscopic image reveal any pathological findings? If so, could you identify the specific type?",erosion,Does this image contain any finding?,Yes
2294,image_2294.jpg,Lesion Type Identification,What specific pathological finding can be discerned from the provided endoscopic image?,erosion,Does this image contain any finding?,Yes
2295,image_2295.jpg,Lesion Type Identification,"Does this image reveal any pathological findings, and if so, what specific type of anomaly can be identified?",erosion,Does this image contain any finding?,Yes
2296,image_2296.jpg,Lesion Type Identification,What specific pathological finding can be discerned from the provided endoscopic image?,erosion,Does this image contain any finding?,Yes
2297,image_2297.jpg,Lesion Type Identification,"Does this image reveal any pathological findings, and if so, what specific type of anomaly can be identified?",lymph follicle hyperplasia,Does this image contain any finding?,Yes
2298,image_2298.jpg,Lesion Type Identification,"Examine this endoscopic image and indicate whether any pathological findings are present. If abnormalities are identified, please specify their nature.",lymph follicle hyperplasia,Does this image contain any finding?,Yes
2299,image_2299.jpg,Lesion Type Identification,"Examine this endoscopic image for any pathological findings. If any are identified, what specific type of anomaly can be discerned?",lymph follicle hyperplasia,Does this image contain any finding?,Yes
2300,image_2300.jpg,Lesion Type Identification,"Examine this endoscopic image and indicate whether any pathological findings are present. If abnormalities are detected, please identify their specific nature.",lymph follicle hyperplasia,Does this image contain any finding?,Yes
2301,image_2301.jpg,Lesion Type Identification,"Does this image reveal any pathological findings? If it does, please characterize the nature of the identified abnormality.",lymph follicle hyperplasia,Does this image contain any finding?,Yes
2302,image_2302.jpg,Lesion Type Identification,"Examine the provided endoscopic image and indicate whether any pathological findings are present. If so, please specify the nature of these findings.",lymph follicle hyperplasia,Does this image contain any finding?,Yes
2303,image_2303.jpg,Lesion Type Identification,"Does this image reveal any pathological findings, and if so, what specific type of anomaly could it be?",lymph follicle hyperplasia,Does this image contain any finding?,Yes
2304,image_2304.jpg,Lesion Type Identification,"Does this image reveal any pathological findings? If it does, please characterize the nature of the observed anomaly.",lymph follicle hyperplasia,Does this image contain any finding?,Yes
2305,image_2305.jpg,Lesion Type Identification,"Please analyze the provided endoscopic image and determine whether any pathological findings are present. If abnormalities are identified, what specific type do they appear to be?",lymph follicle hyperplasia,Does this image contain any finding?,Yes
2306,image_2306.jpg,Lesion Type Identification,"Please analyze the provided endoscopic image and determine whether any pathological findings are present. If abnormalities are identified, could you specify their nature?",lymph follicle hyperplasia,Does this image contain any finding?,Yes
2307,image_2307.jpg,Lesion Type Identification,"Examine this endoscopic image for any potential irregularities. If any are identified, what specific type of abnormality can be discerned?",lymphangiectasia,Does this image contain any finding?,Yes
2308,image_2308.jpg,Lesion Type Identification,"Can you identify any pathological findings in this image? If present, please characterize the nature of the abnormality.",lymphangiectasia,Does this image contain any finding?,Yes
2309,image_2309.jpg,Lesion Type Identification,"Does this image reveal any pathological findings? If it does, please characterize the nature of the identified anomaly.",lymphangiectasia,Does this image contain any finding?,Yes
2310,image_2310.jpg,Lesion Type Identification,"Does this endoscopic image reveal any pathological findings? If so, could you identify the specific type?",lymphangiectasia,Does this image contain any finding?,Yes
2311,image_2311.jpg,Lesion Type Identification,What specific abnormality can be discerned from the findings presented in this endoscopic image?,lymphangiectasia,Does this image contain any finding?,Yes
2312,image_2312.jpg,Lesion Type Identification,"Examine this endoscopic image for any irregularities. If any are identified, what specific type of abnormality can be discerned?",No abnormality,Does this image contain any finding?,No
2313,image_2313.jpg,Lesion Type Identification,"Analyze this endoscopic image for any pathological findings. Should any be identified, what classifications do they fall under?",No abnormality,Does this image contain any finding?,No
2314,image_2314.jpg,Lesion Type Identification,"Examine the provided endoscopic image and indicate whether any pathological findings are present. If so, please specify the nature of these findings.",No abnormality,Does this image contain any finding?,No
2315,image_2315.jpg,Lesion Type Identification,"Examine this endoscopic image for any irregularities. Should any be identified, what specific type of abnormality can be discerned?",No abnormality,Does this image contain any finding?,No
2316,image_2316.jpg,Lesion Type Identification,"Examine the provided endoscopic image and indicate whether any pathological findings are present. If so, please specify the nature of the abnormalities observed.",No abnormality,Does this image contain any finding?,No
2317,image_2317.jpg,Lesion Type Identification,"Does this image reveal any pathological findings? If it does, please characterize the nature of the identified abnormality.",No abnormality,Does this image contain any finding?,No
2318,image_2318.jpg,Lesion Type Identification,What specific pathological finding can be discerned from the provided endoscopic image?,No abnormality,Does this image contain any finding?,No
2319,image_2319.jpg,Lesion Type Identification,What specific abnormality can be discerned from the findings presented in this endoscopic image?,No abnormality,Does this image contain any finding?,No
2320,image_2320.jpg,Lesion Type Identification,"Analyze this endoscopic image for any pathological findings. Should any be identified, what classifications do they fall under?",No abnormality,Does this image contain any finding?,No
2321,image_2321.jpg,Lesion Type Identification,"Examine the provided endoscopic image and indicate whether any pathological findings are present. If so, please specify the nature of these findings.",No abnormality,Does this image contain any finding?,No
2322,image_2322.jpg,Lesion Type Identification,"Does this image reveal any pathological findings, and if so, what specific type of anomaly could it indicate?",No abnormality,Does this image contain any finding?,No
2323,image_2323.jpg,Lesion Type Identification,"Can you identify any pathological findings in this image? If present, please characterize the nature of the abnormality.",No abnormality,Does this image contain any finding?,No
2324,image_2324.jpg,Lesion Type Identification,"Examine the provided endoscopic image and indicate whether any pathological findings are present. If abnormalities are detected, please identify their specific nature.",No abnormality,Does this image contain any finding?,No
2325,image_2325.jpg,Lesion Type Identification,"Analyze this endoscopic image for any pathological findings. Should any be identified, what classification do they fall under?",No abnormality,Does this image contain any finding?,No
2326,image_2326.jpg,Lesion Type Identification,"Can you identify any pathological findings in this image? If present, please characterize the nature of the abnormality.",No abnormality,Does this image contain any finding?,No
2327,image_2327.jpg,Lesion Type Identification,What specific abnormality can be discerned from the findings presented in this endoscopic image?,No abnormality,Does this image contain any finding?,No
2328,image_2328.jpg,Lesion Type Identification,"Does this endoscopic image reveal any pathological findings? If so, could you identify the specific type?",No abnormality,Does this image contain any finding?,No
2329,image_2329.jpg,Lesion Type Identification,"Examine this endoscopic image for any irregularities. Should any be identified, what specific type of abnormality can be discerned?",No abnormality,Does this image contain any finding?,No
2330,image_2330.jpg,Lesion Type Identification,"Analyze this endoscopic image for any pathological findings. Should any be identified, what classifications do they fall under?",No abnormality,Does this image contain any finding?,No
2331,image_2331.jpg,Lesion Type Identification,What kind of pathological finding can be discerned from the provided endoscopic image?,No abnormality,Does this image contain any finding?,No
2332,image_2332.jpg,Lesion Type Identification,What specific pathological finding can be discerned from the provided endoscopic image?,parasitosis,Does this image contain any finding?,Yes
2333,image_2333.jpg,Lesion Type Identification,"Analyze this endoscopic image for any pathological findings. Should abnormalities be present, what classifications do they fall under?",parasitosis,Does this image contain any finding?,Yes
2334,image_2334.jpg,Lesion Type Identification,"Could you analyze this endoscopic image and determine whether any pathological findings are present? If abnormalities are identified, what specific type do they appear to be?",polypoid lesions,Does this image contain any finding?,Yes
2334,image_2334.jpg,Lesion Type Identification,"Could you analyze this endoscopic image and determine whether any pathological findings are present? If abnormalities are identified, what specific type do they appear to be?",polypoid lesions,Are there any abnormalities in the image? Check all that are present.,Polyp
2335,image_2335.jpg,Lesion Type Identification,"Examine the provided endoscopic image and indicate whether any pathological findings are present. If so, please specify the nature of these findings.",polypoid lesions,Does this image contain any finding?,Yes
2335,image_2335.jpg,Lesion Type Identification,"Examine the provided endoscopic image and indicate whether any pathological findings are present. If so, please specify the nature of these findings.",polypoid lesions,Are there any abnormalities in the image? Check all that are present.,Polyp
2336,image_2336.jpg,Lesion Type Identification,"Examine this endoscopic image and indicate whether any pathological findings are present. If abnormalities are detected, please identify their specific nature.",polypoid lesions,Does this image contain any finding?,Yes
2336,image_2336.jpg,Lesion Type Identification,"Examine this endoscopic image and indicate whether any pathological findings are present. If abnormalities are detected, please identify their specific nature.",polypoid lesions,Are there any abnormalities in the image? Check all that are present.,Polyp
2337,image_2337.jpg,Lesion Type Identification,What kind of pathological finding can be discerned from the provided endoscopic image?,polypoid lesions,Does this image contain any finding?,Yes
2337,image_2337.jpg,Lesion Type Identification,What kind of pathological finding can be discerned from the provided endoscopic image?,polypoid lesions,Are there any abnormalities in the image? Check all that are present.,Polyp
2338,image_2338.jpg,Lesion Type Identification,"Does this endoscopic image reveal any pathological findings? If so, could you identify the specific nature of the abnormalities observed?",polypoid lesions,Does this image contain any finding?,Yes
2338,image_2338.jpg,Lesion Type Identification,"Does this endoscopic image reveal any pathological findings? If so, could you identify the specific nature of the abnormalities observed?",polypoid lesions,Are there any abnormalities in the image? Check all that are present.,Polyp
2339,image_2339.jpg,Lesion Type Identification,"Examine the provided endoscopic image and indicate whether any pathological findings are present. If so, please specify the nature of the abnormalities observed.",ulcer,Does this image contain any finding?,Yes
2340,image_2340.jpg,Lesion Type Identification,"Can you identify any pathological findings in this image? If present, please characterize the nature of the abnormality.",ulcer,Does this image contain any finding?,Yes
2341,image_2341.jpg,Lesion Type Identification,"Examine the provided endoscopic image and indicate whether any pathological findings are present. If abnormalities are detected, please identify their specific nature.",ulcer,Does this image contain any finding?,Yes
2342,image_2342.jpg,Lesion Type Identification,"Does this image reveal any pathological findings? If it does, please characterize the nature of the abnormality observed.",ulcer,Does this image contain any finding?,Yes
2343,image_2343.jpg,Lesion Type Identification,"Does this image reveal any pathological findings, and if so, what specific type of anomaly could it be?",ulcer,Does this image contain any finding?,Yes
2344,image_2344.jpg,Lesion Type Identification,What specific pathological finding can be discerned from the provided endoscopic image?,ulcer,Does this image contain any finding?,Yes
2345,image_2345.jpg,Lesion Type Identification,"Please analyze the provided endoscopic image and determine whether any pathological findings are present. If abnormalities are identified, could you specify their nature?",ulcer,Does this image contain any finding?,Yes
2346,image_2346.jpg,Lesion Type Identification,What specific pathological finding can be discerned from the provided endoscopic image?,ulcer,Does this image contain any finding?,Yes
2347,image_2347.jpg,Lesion Type Identification,"Analyze this endoscopic image for any pathological findings. Should abnormalities be present, what classifications do they fall under?",ulcer,Does this image contain any finding?,Yes
2348,image_2348.jpg,Lesion Type Identification,"Can you identify any pathological findings in this image? If present, please characterize the nature of the abnormality.",ulcer,Does this image contain any finding?,Yes
2349,image_2349.jpg,Lesion Type Identification,"Examine this endoscopic image and indicate whether any pathological findings are present. If abnormalities are detected, please identify their specific nature.",ulcer,Does this image contain any finding?,Yes
2350,image_2350.jpg,Lesion Type Identification,"Examine this endoscopic image and indicate whether any pathological findings are present. If abnormalities are identified, please specify their nature.",ulcer,Does this image contain any finding?,Yes
2351,image_2351.jpg,Lesion Type Identification,What specific pathological finding can be discerned from the provided endoscopic image?,ulcer,Does this image contain any finding?,Yes
2352,image_2352.jpg,Lesion Type Identification,"Can you identify any pathological findings in this image? If present, please characterize the nature of the abnormality.",ulcer,Does this image contain any finding?,Yes
2353,image_2353.jpg,Lesion Type Identification,"Does this endoscopic image reveal any pathological findings? If so, could you identify the specific nature of the anomaly?",ulcer,Does this image contain any finding?,Yes
2354,image_2354.jpg,Lesion Type Identification,"Does this image reveal any pathological findings, and if so, what specific type of anomaly could it be?",ulcer,Does this image contain any finding?,Yes
2355,image_2355.jpg,Lesion Type Identification,"Does this endoscopic image reveal any pathological findings? If so, could you identify the specific type?",ulcer,Does this image contain any finding?,Yes
2356,image_2356.jpg,Lesion Type Identification,What kind of pathological finding can be discerned from the provided endoscopic image?,ulcer,Does this image contain any finding?,Yes
2357,image_2357.jpg,Lesion Type Identification,"Examine the provided endoscopic image and indicate whether any pathological findings are present. If so, please specify the nature of the abnormalities observed.",ulcer,Does this image contain any finding?,Yes
2358,image_2358.jpg,Lesion Type Identification,"Does this image reveal any pathological findings? If it does, please characterize the nature of the identified anomaly.",ulcer,Does this image contain any finding?,Yes
2359,image_2359.jpg,Lesion Type Identification,"Please analyze the provided endoscopic image and determine whether any pathological findings are present. If abnormalities are identified, what specific types might they be?",vascular abnormalities,Does this image contain any finding?,Yes
2360,image_2360.jpg,Lesion Type Identification,"Examine this endoscopic image for any pathological findings. If any are identified, what specific type of anomaly can be observed?",vascular abnormalities,Does this image contain any finding?,Yes
2361,image_2361.jpg,Lesion Type Identification,"Does this image reveal any pathological findings, and if so, what specific type of anomaly could it be?",polyps,Does this image contain any finding?,Yes
2361,image_2361.jpg,Lesion Type Identification,"Does this image reveal any pathological findings, and if so, what specific type of anomaly could it be?",polyps,Are there any abnormalities in the image? Check all that are present.,Polyp
2362,image_2362.jpg,Lesion Type Identification,What specific abnormality can be discerned from the findings presented in this endoscopic image?,polyps,Does this image contain any finding?,Yes
2362,image_2362.jpg,Lesion Type Identification,What specific abnormality can be discerned from the findings presented in this endoscopic image?,polyps,Are there any abnormalities in the image? Check all that are present.,Polyp
2363,image_2363.jpg,Lesion Type Identification,"In light of the endoscopic image presented, what specific pathological finding can be discerned?",polyps,Does this image contain any finding?,Yes
2363,image_2363.jpg,Lesion Type Identification,"In light of the endoscopic image presented, what specific pathological finding can be discerned?",polyps,Are there any abnormalities in the image? Check all that are present.,Polyp
2364,image_2364.jpg,Lesion Type Identification,"Please analyze the provided endoscopic image and determine whether any pathological findings are present. If abnormalities are identified, what specific conditions could they indicate?",polyps,Does this image contain any finding?,Yes
2364,image_2364.jpg,Lesion Type Identification,"Please analyze the provided endoscopic image and determine whether any pathological findings are present. If abnormalities are identified, what specific conditions could they indicate?",polyps,Are there any abnormalities in the image? Check all that are present.,Polyp
2365,image_2365.jpg,Lesion Type Identification,"Examine this endoscopic image for any irregularities. Should any be identified, what specific type of abnormality can be discerned?",polyps,Does this image contain any finding?,Yes
2365,image_2365.jpg,Lesion Type Identification,"Examine this endoscopic image for any irregularities. Should any be identified, what specific type of abnormality can be discerned?",polyps,Are there any abnormalities in the image? Check all that are present.,Polyp
2366,image_2366.jpg,Lesion Type Identification,"Examine the provided endoscopic image and indicate whether any pathological findings are present. If so, please specify the nature of these findings.",polyps,Does this image contain any finding?,Yes
2366,image_2366.jpg,Lesion Type Identification,"Examine the provided endoscopic image and indicate whether any pathological findings are present. If so, please specify the nature of these findings.",polyps,Are there any abnormalities in the image? Check all that are present.,Polyp
2367,image_2367.jpg,Lesion Type Identification,"Does this endoscopic image reveal any pathological findings? If so, could you identify the specific type?",polyps,Does this image contain any finding?,Yes
2367,image_2367.jpg,Lesion Type Identification,"Does this endoscopic image reveal any pathological findings? If so, could you identify the specific type?",polyps,Are there any abnormalities in the image? Check all that are present.,Polyp
2368,image_2368.jpg,Lesion Type Identification,"Does this endoscopic image reveal any pathological findings? If so, could you identify the specific condition?",polyps,Does this image contain any finding?,Yes
2368,image_2368.jpg,Lesion Type Identification,"Does this endoscopic image reveal any pathological findings? If so, could you identify the specific condition?",polyps,Are there any abnormalities in the image? Check all that are present.,Polyp
2369,image_2369.jpg,Lesion Type Identification,"Can you identify any pathological findings in this image? If present, please characterize the nature of the abnormality.",polyps,Does this image contain any finding?,Yes
2369,image_2369.jpg,Lesion Type Identification,"Can you identify any pathological findings in this image? If present, please characterize the nature of the abnormality.",polyps,Are there any abnormalities in the image? Check all that are present.,Polyp
2370,image_2370.jpg,Lesion Type Identification,"Does this image reveal any pathological findings, and if so, what specific type of anomaly could it indicate?",polyps,Does this image contain any finding?,Yes
2370,image_2370.jpg,Lesion Type Identification,"Does this image reveal any pathological findings, and if so, what specific type of anomaly could it indicate?",polyps,Are there any abnormalities in the image? Check all that are present.,Polyp
2371,image_2371.jpg,Lesion Type Identification,"Examine the provided endoscopic image and indicate whether any pathological findings are present. If abnormalities are identified, please specify their nature.",polyps,Does this image contain any finding?,Yes
2371,image_2371.jpg,Lesion Type Identification,"Examine the provided endoscopic image and indicate whether any pathological findings are present. If abnormalities are identified, please specify their nature.",polyps,Are there any abnormalities in the image? Check all that are present.,Polyp
2372,image_2372.jpg,Lesion Type Identification,"Does this image reveal any pathological findings, and if so, what specific type of anomaly could it indicate?",polyps,Does this image contain any finding?,Yes
2372,image_2372.jpg,Lesion Type Identification,"Does this image reveal any pathological findings, and if so, what specific type of anomaly could it indicate?",polyps,Are there any abnormalities in the image? Check all that are present.,Polyp
2373,image_2373.jpg,Lesion Type Identification,"Can you identify any pathological findings in this image? If present, please characterize the nature of the abnormality.",polyps,Does this image contain any finding?,Yes
2373,image_2373.jpg,Lesion Type Identification,"Can you identify any pathological findings in this image? If present, please characterize the nature of the abnormality.",polyps,Are there any abnormalities in the image? Check all that are present.,Polyp
2374,image_2374.jpg,Lesion Type Identification,What specific pathological finding can be discerned from the provided endoscopic image?,polyps,Does this image contain any finding?,Yes
2374,image_2374.jpg,Lesion Type Identification,What specific pathological finding can be discerned from the provided endoscopic image?,polyps,Are there any abnormalities in the image? Check all that are present.,Polyp
2375,image_2375.jpg,Lesion Type Identification,"Does this image reveal any atypical findings, and if so, what specific type of anomaly could it be?",polyps,Does this image contain any finding?,Yes
2375,image_2375.jpg,Lesion Type Identification,"Does this image reveal any atypical findings, and if so, what specific type of anomaly could it be?",polyps,Are there any abnormalities in the image? Check all that are present.,Polyp
2376,image_2376.jpg,Lesion Type Identification,"Does this endoscopic image reveal any pathological findings? If it does, please characterize the nature of the identified anomaly.",polyps,Does this image contain any finding?,Yes
2376,image_2376.jpg,Lesion Type Identification,"Does this endoscopic image reveal any pathological findings? If it does, please characterize the nature of the identified anomaly.",polyps,Are there any abnormalities in the image? Check all that are present.,Polyp
2377,image_2377.jpg,Lesion Type Identification,"Examine this endoscopic image for any irregularities. Should any be identified, what specific type of abnormality can be discerned?",polyps,Does this image contain any finding?,Yes
2377,image_2377.jpg,Lesion Type Identification,"Examine this endoscopic image for any irregularities. Should any be identified, what specific type of abnormality can be discerned?",polyps,Are there any abnormalities in the image? Check all that are present.,Polyp
2378,image_2378.jpg,Lesion Type Identification,"Does this image reveal any pathological findings, and if so, what specific type of anomaly could it be?",polyps,Does this image contain any finding?,Yes
2378,image_2378.jpg,Lesion Type Identification,"Does this image reveal any pathological findings, and if so, what specific type of anomaly could it be?",polyps,Are there any abnormalities in the image? Check all that are present.,Polyp
2379,image_2379.jpg,Lesion Type Identification,"Examine this endoscopic image for any pathological findings. Should any be identified, what specific type of anomaly is evident?",polyps,Does this image contain any finding?,Yes
2379,image_2379.jpg,Lesion Type Identification,"Examine this endoscopic image for any pathological findings. Should any be identified, what specific type of anomaly is evident?",polyps,Are there any abnormalities in the image? Check all that are present.,Polyp
2380,image_2380.jpg,Lesion Type Identification,"Does this image reveal any pathological findings? If it does, please specify the nature of the identified abnormality.",polyps,Does this image contain any finding?,Yes
2380,image_2380.jpg,Lesion Type Identification,"Does this image reveal any pathological findings? If it does, please specify the nature of the identified abnormality.",polyps,Are there any abnormalities in the image? Check all that are present.,Polyp
2381,image_2381.jpg,Lesion Type Identification,"Please analyze the provided endoscopic image and determine whether any pathological findings are present. If abnormalities are identified, what specific types might they be?",polyps,Does this image contain any finding?,Yes
2381,image_2381.jpg,Lesion Type Identification,"Please analyze the provided endoscopic image and determine whether any pathological findings are present. If abnormalities are identified, what specific types might they be?",polyps,Are there any abnormalities in the image? Check all that are present.,Polyp
2382,image_2382.jpg,Lesion Type Identification,"Analyze this endoscopic image for any pathological findings. Should any be identified, what classifications do they fall under?",polyps,Does this image contain any finding?,Yes
2382,image_2382.jpg,Lesion Type Identification,"Analyze this endoscopic image for any pathological findings. Should any be identified, what classifications do they fall under?",polyps,Are there any abnormalities in the image? Check all that are present.,Polyp
2383,image_2383.jpg,Lesion Type Identification,"Examine the provided endoscopic image and indicate whether any pathological findings are present. If abnormalities are identified, please specify their nature.",polyps,Does this image contain any finding?,Yes
2383,image_2383.jpg,Lesion Type Identification,"Examine the provided endoscopic image and indicate whether any pathological findings are present. If abnormalities are identified, please specify their nature.",polyps,Are there any abnormalities in the image? Check all that are present.,Polyp
2384,image_2384.jpg,Lesion Type Identification,What specific pathological finding can be discerned from the provided endoscopic image?,polyps,Does this image contain any finding?,Yes
2384,image_2384.jpg,Lesion Type Identification,What specific pathological finding can be discerned from the provided endoscopic image?,polyps,Are there any abnormalities in the image? Check all that are present.,Polyp
2385,image_2385.jpg,Lesion Type Identification,"Does this endoscopic image reveal any pathological findings? If so, could you identify the specific type?",polyps,Does this image contain any finding?,Yes
2385,image_2385.jpg,Lesion Type Identification,"Does this endoscopic image reveal any pathological findings? If so, could you identify the specific type?",polyps,Are there any abnormalities in the image? Check all that are present.,Polyp
2386,image_2386.jpg,Lesion Type Identification,"Could you analyze this endoscopic image and determine whether any pathological findings are present? If abnormalities are identified, what specific type do they appear to be?",polyps,Does this image contain any finding?,Yes
2386,image_2386.jpg,Lesion Type Identification,"Could you analyze this endoscopic image and determine whether any pathological findings are present? If abnormalities are identified, what specific type do they appear to be?",polyps,Are there any abnormalities in the image? Check all that are present.,Polyp
2387,image_2387.jpg,Lesion Type Identification,"Examine the provided endoscopic image and indicate whether any pathological findings are present. If so, please specify the nature of these findings.",polyps,Does this image contain any finding?,Yes
2387,image_2387.jpg,Lesion Type Identification,"Examine the provided endoscopic image and indicate whether any pathological findings are present. If so, please specify the nature of these findings.",polyps,Are there any abnormalities in the image? Check all that are present.,Polyp
2388,image_2388.jpg,Lesion Type Identification,"Examine this endoscopic image for potential irregularities. Should any be identified, what specific type of abnormality could be present?",polyps,Does this image contain any finding?,Yes
2388,image_2388.jpg,Lesion Type Identification,"Examine this endoscopic image for potential irregularities. Should any be identified, what specific type of abnormality could be present?",polyps,Are there any abnormalities in the image? Check all that are present.,Polyp
2389,image_2389.jpg,Lesion Type Identification,"Does this image reveal any pathological findings? If it does, please specify the nature of the identified anomaly.",polyps,Does this image contain any finding?,Yes
2389,image_2389.jpg,Lesion Type Identification,"Does this image reveal any pathological findings? If it does, please specify the nature of the identified anomaly.",polyps,Are there any abnormalities in the image? Check all that are present.,Polyp
2390,image_2390.jpg,Lesion Type Identification,"Examine the provided endoscopic image and indicate whether any pathological findings are present. If so, please specify the nature of the abnormalities observed.",polyps,Does this image contain any finding?,Yes
2390,image_2390.jpg,Lesion Type Identification,"Examine the provided endoscopic image and indicate whether any pathological findings are present. If so, please specify the nature of the abnormalities observed.",polyps,Are there any abnormalities in the image? Check all that are present.,Polyp
2391,image_2391.jpg,Lesion Type Identification,What specific pathological finding can be discerned from the provided endoscopic image?,polyps,Does this image contain any finding?,Yes
2391,image_2391.jpg,Lesion Type Identification,What specific pathological finding can be discerned from the provided endoscopic image?,polyps,Are there any abnormalities in the image? Check all that are present.,Polyp
2392,image_2392.jpg,Lesion Type Identification,What specific pathological finding can be discerned from the examination of this endoscopic image?,polyps,Does this image contain any finding?,Yes
2392,image_2392.jpg,Lesion Type Identification,What specific pathological finding can be discerned from the examination of this endoscopic image?,polyps,Are there any abnormalities in the image? Check all that are present.,Polyp
2393,image_2393.jpg,Lesion Type Identification,"Please analyze the provided endoscopic image and determine whether any pathological findings are present. If abnormalities are identified, could you specify their nature?",polyps,Does this image contain any finding?,Yes
2393,image_2393.jpg,Lesion Type Identification,"Please analyze the provided endoscopic image and determine whether any pathological findings are present. If abnormalities are identified, could you specify their nature?",polyps,Are there any abnormalities in the image? Check all that are present.,Polyp
2394,image_2394.jpg,Lesion Type Identification,"Please analyze the provided endoscopic image and determine whether any pathological findings are present. If abnormalities are identified, what specific type do they appear to be?",polyps,Does this image contain any finding?,Yes
2394,image_2394.jpg,Lesion Type Identification,"Please analyze the provided endoscopic image and determine whether any pathological findings are present. If abnormalities are identified, what specific type do they appear to be?",polyps,Are there any abnormalities in the image? Check all that are present.,Polyp
2395,image_2395.jpg,Lesion Type Identification,"Does this image reveal any atypical findings, and if so, what specific type of anomaly could it indicate?",polyps,Does this image contain any finding?,Yes
2395,image_2395.jpg,Lesion Type Identification,"Does this image reveal any atypical findings, and if so, what specific type of anomaly could it indicate?",polyps,Are there any abnormalities in the image? Check all that are present.,Polyp
2396,image_2396.jpg,Lesion Type Identification,"Examine the provided endoscopic image and indicate whether any pathological findings are present. If so, please specify the nature of these findings.",polyps,Does this image contain any finding?,Yes
2396,image_2396.jpg,Lesion Type Identification,"Examine the provided endoscopic image and indicate whether any pathological findings are present. If so, please specify the nature of these findings.",polyps,Are there any abnormalities in the image? Check all that are present.,Polyp
2397,image_2397.jpg,Lesion Type Identification,"Does this endoscopic image reveal any pathological findings? If so, could you identify the specific type?",polyps,Does this image contain any finding?,Yes
2397,image_2397.jpg,Lesion Type Identification,"Does this endoscopic image reveal any pathological findings? If so, could you identify the specific type?",polyps,Are there any abnormalities in the image? Check all that are present.,Polyp
2398,image_2398.jpg,Lesion Type Identification,"Examine this endoscopic image and indicate whether any pathological findings are present. If abnormalities are detected, please identify their specific nature.",polyps,Does this image contain any finding?,Yes
2398,image_2398.jpg,Lesion Type Identification,"Examine this endoscopic image and indicate whether any pathological findings are present. If abnormalities are detected, please identify their specific nature.",polyps,Are there any abnormalities in the image? Check all that are present.,Polyp
2399,image_2399.jpg,Lesion Type Identification,What specific pathological finding can be discerned from the examination of this endoscopic image?,polyps,Does this image contain any finding?,Yes
2399,image_2399.jpg,Lesion Type Identification,What specific pathological finding can be discerned from the examination of this endoscopic image?,polyps,Are there any abnormalities in the image? Check all that are present.,Polyp
2400,image_2400.jpg,Lesion Type Identification,"Considering the provided image, can you determine the histopathological classification of the observed lesion?",high grade adenoma,Does this image contain any finding?,Yes
2401,image_2401.jpg,Lesion Type Identification,"Considering the provided image, can you determine the histopathological classification of the observed lesion?",high grade adenoma,Does this image contain any finding?,Yes
2402,image_2402.jpg,Lesion Type Identification,What kind of colorectal abnormality is illustrated in the provided image?,high grade adenoma,Does this image contain any finding?,Yes
2403,image_2403.jpg,Lesion Type Identification,Could you determine the histopathological classification of the lesion depicted in this image?,high grade adenoma,Does this image contain any finding?,Yes
2404,image_2404.jpg,Lesion Type Identification,"Based on the endoscopic visualization provided, could you identify the specific type of colorectal lesion depicted?",high grade adenoma,Does this image contain any finding?,Yes
2405,image_2405.jpg,Lesion Type Identification,Could you determine the histopathological classification of the lesion depicted in this image?,high grade adenoma,Does this image contain any finding?,Yes
2406,image_2406.jpg,Lesion Type Identification,Could you determine the histopathological classification of the lesion depicted in this image?,high grade adenoma,Does this image contain any finding?,Yes
2407,image_2407.jpg,Lesion Type Identification,What kind of colorectal abnormality is illustrated in the provided image?,high grade adenoma,Does this image contain any finding?,Yes
2408,image_2408.jpg,Lesion Type Identification,"Considering the provided image, can you determine the histopathological classification of the observed lesion?",high grade adenoma,Does this image contain any finding?,Yes
2409,image_2409.jpg,Lesion Type Identification,"Considering the provided image, can you determine the histopathological classification of the observed lesion?",high grade adenoma,Does this image contain any finding?,Yes
2410,image_2410.jpg,Lesion Type Identification,What kind of colorectal abnormality is illustrated in the provided endoscopic image?,high grade adenoma,Does this image contain any finding?,Yes
2411,image_2411.jpg,Lesion Type Identification,"Considering the provided image, can you determine the histopathological classification of the observed lesion?",high grade adenoma,Does this image contain any finding?,Yes
2412,image_2412.jpg,Lesion Type Identification,Could you determine the histopathological classification of the lesion depicted in this image?,high grade adenoma,Does this image contain any finding?,Yes
2413,image_2413.jpg,Lesion Type Identification,"Based on the endoscopic visualization provided, could you identify the specific type of colorectal lesion present?",high grade adenoma,Does this image contain any finding?,Yes
2414,image_2414.jpg,Lesion Type Identification,What kind of colorectal abnormality is illustrated in the provided image?,high grade adenoma,Does this image contain any finding?,Yes
2415,image_2415.jpg,Lesion Type Identification,Could you determine the histopathological classification of the lesion depicted in this image?,high grade adenoma,Does this image contain any finding?,Yes
2416,image_2416.jpg,Lesion Type Identification,Could you determine the histopathological classification of the lesion depicted in this image?,high grade adenoma,Does this image contain any finding?,Yes
2417,image_2417.jpg,Lesion Type Identification,Could you determine the histopathological classification of the lesion depicted in this image?,high grade adenoma,Does this image contain any finding?,Yes
2418,image_2418.jpg,Lesion Type Identification,Could you determine the histopathological classification of the lesion depicted in this image?,high grade adenoma,Does this image contain any finding?,Yes
2419,image_2419.jpg,Lesion Type Identification,Could you determine the histopathological classification of the lesion depicted in this image?,high grade adenoma,Does this image contain any finding?,Yes
2420,image_2420.jpg,Lesion Type Identification,Could you determine the histopathological classification of the lesion depicted in this image?,high grade adenoma,Does this image contain any finding?,Yes
2421,image_2421.jpg,Lesion Type Identification,"Based on the endoscopic visualization, could you identify the specific type of colorectal lesion present?",high grade adenoma,Does this image contain any finding?,Yes
2422,image_2422.jpg,Lesion Type Identification,What specific category of colorectal lesion is illustrated in the provided image?,high grade adenoma,Does this image contain any finding?,Yes
2423,image_2423.jpg,Lesion Type Identification,"Based on the endoscopic visualization provided, could you identify the specific type of colorectal lesion depicted?",high grade adenoma,Does this image contain any finding?,Yes
2424,image_2424.jpg,Lesion Type Identification,"Considering the provided image, can you determine the histopathological classification of the observed lesion?",high grade adenoma,Does this image contain any finding?,Yes
2425,image_2425.jpg,Lesion Type Identification,"Considering the provided image, can you determine the histopathological classification of the observed lesion?",high grade adenoma,Does this image contain any finding?,Yes
2426,image_2426.jpg,Lesion Type Identification,"Considering the provided image, can you determine the histopathological classification of the observed lesion?",high grade adenoma,Does this image contain any finding?,Yes
2427,image_2427.jpg,Lesion Type Identification,"Considering the provided image, can you determine the histopathological classification of the observed lesion?",high grade adenoma,Does this image contain any finding?,Yes
2428,image_2428.jpg,Lesion Type Identification,What kind of colorectal abnormality is illustrated in the provided image?,high grade adenoma,Does this image contain any finding?,Yes
2429,image_2429.jpg,Lesion Type Identification,"Considering the provided image, can you determine the histopathological classification of the observed lesion?",high grade adenoma,Does this image contain any finding?,Yes
2430,image_2430.jpg,Lesion Type Identification,Could you determine the histopathological classification of the lesion depicted in this image?,high grade adenoma,Does this image contain any finding?,Yes
2431,image_2431.jpg,Lesion Type Identification,"Based on the endoscopic visualization provided, could you identify the specific type of colorectal lesion present?",high grade adenoma,Does this image contain any finding?,Yes
2432,image_2432.jpg,Lesion Type Identification,What kind of colorectal abnormality is illustrated in the provided image?,high grade adenoma,Does this image contain any finding?,Yes
2433,image_2433.jpg,Lesion Type Identification,"Based on the endoscopic visualization provided, are you able to identify the specific type of colorectal lesion present?",high grade adenoma,Does this image contain any finding?,Yes
2434,image_2434.jpg,Lesion Type Identification,"Considering the provided image, can you determine the histopathological classification of the observed lesion?",high grade adenoma,Does this image contain any finding?,Yes
2435,image_2435.jpg,Lesion Type Identification,What kind of colorectal abnormality is illustrated in the provided image?,high grade adenoma,Does this image contain any finding?,Yes
2436,image_2436.jpg,Lesion Type Identification,What kind of colorectal abnormality is illustrated in the provided image?,high grade adenoma,Does this image contain any finding?,Yes
2437,image_2437.jpg,Lesion Type Identification,"Based on the endoscopic visualization provided, could you identify the specific type of colorectal lesion present?",high grade adenoma,Does this image contain any finding?,Yes
2438,image_2438.jpg,Lesion Type Identification,"Considering the provided image, can you determine the histopathological classification of the observed lesion?",high grade adenoma,Does this image contain any finding?,Yes
2439,image_2439.jpg,Lesion Type Identification,Could you determine the histopathological classification of the lesion depicted in this image?,high grade adenoma,Does this image contain any finding?,Yes
2440,image_2440.jpg,Lesion Type Identification,"Based on the endoscopic visualization, could you identify the specific type of colorectal lesion present?",high grade adenoma,Does this image contain any finding?,Yes
2441,image_2441.jpg,Lesion Type Identification,"Considering the provided image, can you determine the histopathological classification of the observed lesion?",high grade adenoma,Does this image contain any finding?,Yes
2442,image_2442.jpg,Lesion Type Identification,"Based on the endoscopic visualization provided, could you identify the specific type of colorectal lesion present?",high grade adenoma,Does this image contain any finding?,Yes
2443,image_2443.jpg,Lesion Type Identification,"Considering the provided image, can you determine the histopathological classification of the observed lesion?",high grade adenoma,Does this image contain any finding?,Yes
2444,image_2444.jpg,Lesion Type Identification,"Considering the provided image, can you determine the histopathological classification of the observed lesion?",high grade adenoma,Does this image contain any finding?,Yes
2445,image_2445.jpg,Lesion Type Identification,What kind of colorectal abnormality is illustrated in the provided image?,high grade adenoma,Does this image contain any finding?,Yes
2446,image_2446.jpg,Lesion Type Identification,"Considering the provided image, can you determine the histopathological classification of the observed lesion?",high grade adenoma,Does this image contain any finding?,Yes
2447,image_2447.jpg,Lesion Type Identification,What kind of colorectal abnormality is illustrated in the provided image?,high grade adenoma,Does this image contain any finding?,Yes
2448,image_2448.jpg,Lesion Type Identification,"Considering the provided image, can you determine the histopathological classification of the observed lesion?",high grade adenoma,Does this image contain any finding?,Yes
2449,image_2449.jpg,Lesion Type Identification,"Based on the endoscopic visualization, could you identify the specific type of colorectal lesion present?",high grade adenoma,Does this image contain any finding?,Yes
2450,image_2450.jpg,Lesion Type Identification,What specific category of colorectal lesion is illustrated in the provided image?,low grade adenoma,Does this image contain any finding?,Yes
2451,image_2451.jpg,Lesion Type Identification,"Considering the provided image, can you determine the histopathological classification of the observed lesion?",low grade adenoma,Does this image contain any finding?,Yes
2452,image_2452.jpg,Lesion Type Identification,"Considering the provided image, can you determine the histopathological classification of the observed lesion?",low grade adenoma,Does this image contain any finding?,Yes
2453,image_2453.jpg,Lesion Type Identification,What kind of colorectal abnormality is illustrated in the provided image?,low grade adenoma,Does this image contain any finding?,Yes
2454,image_2454.jpg,Lesion Type Identification,"Considering the provided image, can you determine the histopathological classification of the observed lesion?",low grade adenoma,Does this image contain any finding?,Yes
2455,image_2455.jpg,Lesion Type Identification,What kind of colorectal abnormality is illustrated in the provided image?,low grade adenoma,Does this image contain any finding?,Yes
2456,image_2456.jpg,Lesion Type Identification,"Considering the provided image, can you determine the histopathological classification of the observed lesion?",low grade adenoma,Does this image contain any finding?,Yes
2457,image_2457.jpg,Lesion Type Identification,"Based on the endoscopic visualization provided, could you identify the specific type of colorectal lesion present?",low grade adenoma,Does this image contain any finding?,Yes
2458,image_2458.jpg,Lesion Type Identification,Could you determine the histopathological classification of the lesion depicted in this image?,low grade adenoma,Does this image contain any finding?,Yes
2459,image_2459.jpg,Lesion Type Identification,Could you determine the histopathological classification of the lesion depicted in this image?,low grade adenoma,Does this image contain any finding?,Yes
2460,image_2460.jpg,Lesion Type Identification,"Based on the endoscopic visualization, could you identify the specific type of colorectal lesion present?",low grade adenoma,Does this image contain any finding?,Yes
2461,image_2461.jpg,Lesion Type Identification,"Based on the endoscopic visualization provided, could you identify the specific type of colorectal lesion present?",low grade adenoma,Does this image contain any finding?,Yes
2462,image_2462.jpg,Lesion Type Identification,"Based on the endoscopic visualization provided, could you identify the specific type of colorectal lesion depicted?",low grade adenoma,Does this image contain any finding?,Yes
2463,image_2463.jpg,Lesion Type Identification,Could you determine the histopathological classification of the lesion depicted in this image?,low grade adenoma,Does this image contain any finding?,Yes
2464,image_2464.jpg,Lesion Type Identification,"Considering the provided image, can you determine the histopathological classification of the observed lesion?",low grade adenoma,Does this image contain any finding?,Yes
2465,image_2465.jpg,Lesion Type Identification,"Based on the endoscopic visualization provided, could you identify the specific type of colorectal lesion present?",low grade adenoma,Does this image contain any finding?,Yes
2466,image_2466.jpg,Lesion Type Identification,"Considering the provided image, can you determine the histopathological classification of the observed lesion?",low grade adenoma,Does this image contain any finding?,Yes
2467,image_2467.jpg,Lesion Type Identification,"Considering the provided image, can you determine the histopathological classification of the observed lesion?",low grade adenoma,Does this image contain any finding?,Yes
2468,image_2468.jpg,Lesion Type Identification,"Based on the endoscopic visualization provided, could you identify the specific type of colorectal lesion present?",low grade adenoma,Does this image contain any finding?,Yes
2469,image_2469.jpg,Lesion Type Identification,"Considering the provided image, can you determine the histopathological classification of the observed lesion?",low grade adenoma,Does this image contain any finding?,Yes
2470,image_2470.jpg,Lesion Type Identification,"Considering the provided image, can you determine the histopathological classification of the observed lesion?",low grade adenoma,Does this image contain any finding?,Yes
2471,image_2471.jpg,Lesion Type Identification,What kind of colorectal abnormality is illustrated in the provided image?,low grade adenoma,Does this image contain any finding?,Yes
2472,image_2472.jpg,Lesion Type Identification,What kind of colorectal abnormality is illustrated in the provided image?,low grade adenoma,Does this image contain any finding?,Yes
2473,image_2473.jpg,Lesion Type Identification,"Based on the endoscopic visualization, could you identify the specific type of colorectal lesion present?",low grade adenoma,Does this image contain any finding?,Yes
2474,image_2474.jpg,Lesion Type Identification,Could you determine the histopathological classification of the lesion depicted in this image?,low grade adenoma,Does this image contain any finding?,Yes
2475,image_2475.jpg,Lesion Type Identification,Could you determine the histopathological classification of the lesion depicted in this image?,low grade adenoma,Does this image contain any finding?,Yes
2476,image_2476.jpg,Lesion Type Identification,What specific form of colorectal abnormality is illustrated in the provided image?,low grade adenoma,Does this image contain any finding?,Yes
2477,image_2477.jpg,Lesion Type Identification,"Considering the provided image, can you determine the histopathological classification of the observed lesion?",low grade adenoma,Does this image contain any finding?,Yes
2478,image_2478.jpg,Lesion Type Identification,"Based on the endoscopic visualization, could you identify the specific type of colorectal lesion present?",low grade adenoma,Does this image contain any finding?,Yes
2479,image_2479.jpg,Lesion Type Identification,"Considering the provided image, can you determine the histopathological classification of the observed lesion?",low grade adenoma,Does this image contain any finding?,Yes
2480,image_2480.jpg,Lesion Type Identification,"Considering the provided image, can you determine the histopathological classification of the observed lesion?",low grade adenoma,Does this image contain any finding?,Yes
2481,image_2481.jpg,Lesion Type Identification,Could you determine the histopathological classification of the lesion depicted in this image?,low grade adenoma,Does this image contain any finding?,Yes
2482,image_2482.jpg,Lesion Type Identification,Could you determine the histopathological classification of the lesion depicted in this image?,low grade adenoma,Does this image contain any finding?,Yes
2483,image_2483.jpg,Lesion Type Identification,Could you determine the histopathological classification of the lesion depicted in this image?,low grade adenoma,Does this image contain any finding?,Yes
2484,image_2484.jpg,Lesion Type Identification,Could you determine the histological classification of the lesion depicted in this image?,low grade adenoma,Does this image contain any finding?,Yes
2485,image_2485.jpg,Lesion Type Identification,Could you determine the histopathological classification of the lesion depicted in this image?,low grade adenoma,Does this image contain any finding?,Yes
2486,image_2486.jpg,Lesion Type Identification,"Considering the provided image, can you determine the histopathological classification of the observed lesion?",low grade adenoma,Does this image contain any finding?,Yes
2487,image_2487.jpg,Lesion Type Identification,"Considering the provided image, can you determine the histopathological classification of the observed lesion?",low grade adenoma,Does this image contain any finding?,Yes
2488,image_2488.jpg,Lesion Type Identification,"Considering the provided image, can you determine the histopathological classification of the observed lesion?",low grade adenoma,Does this image contain any finding?,Yes
2489,image_2489.jpg,Lesion Type Identification,"Based on the endoscopic visualization provided, could you identify the specific type of colorectal lesion depicted?",low grade adenoma,Does this image contain any finding?,Yes
2490,image_2490.jpg,Lesion Type Identification,Could you determine the histopathological classification of the lesion depicted in this image?,low grade adenoma,Does this image contain any finding?,Yes
2491,image_2491.jpg,Lesion Type Identification,Could you determine the histopathological classification of the lesion depicted in this image?,low grade adenoma,Does this image contain any finding?,Yes
2492,image_2492.jpg,Lesion Type Identification,What kind of colorectal abnormality is illustrated in the provided image?,low grade adenoma,Does this image contain any finding?,Yes
2493,image_2493.jpg,Lesion Type Identification,What kind of colorectal abnormality is illustrated in the provided image?,low grade adenoma,Does this image contain any finding?,Yes
2494,image_2494.jpg,Lesion Type Identification,"Based on the endoscopic visualization provided, could you identify the specific type of colorectal lesion present?",low grade adenoma,Does this image contain any finding?,Yes
2495,image_2495.jpg,Lesion Type Identification,What kind of colorectal abnormality is illustrated in the provided image?,low grade adenoma,Does this image contain any finding?,Yes
2496,image_2496.jpg,Lesion Type Identification,"Considering the provided image, can you determine the histopathological classification of the observed lesion?",low grade adenoma,Does this image contain any finding?,Yes
2497,image_2497.jpg,Lesion Type Identification,Could you determine the histopathological classification of the lesion depicted in this image?,low grade adenoma,Does this image contain any finding?,Yes
2498,image_2498.jpg,Lesion Type Identification,What kind of colorectal abnormality is illustrated in the provided image?,low grade adenoma,Does this image contain any finding?,Yes
2499,image_2499.jpg,Lesion Type Identification,"Based on the endoscopic visualization provided, could you identify the specific type of colorectal lesion present?",low grade adenoma,Does this image contain any finding?,Yes
2500,image_2500.jpg,Lesion Type Identification,What specific form of colorectal lesion is illustrated in the provided image?,hyperplastic lesion,Does this image contain any finding?,Yes
2501,image_2501.jpg,Lesion Type Identification,"Considering the provided image, can you determine the histopathological classification of the observed lesion?",hyperplastic lesion,Does this image contain any finding?,Yes
2502,image_2502.jpg,Lesion Type Identification,What kind of colorectal abnormality is illustrated in the provided image?,hyperplastic lesion,Does this image contain any finding?,Yes
2503,image_2503.jpg,Lesion Type Identification,"Considering the provided image, can you determine the histopathological classification of the observed lesion?",hyperplastic lesion,Does this image contain any finding?,Yes
2504,image_2504.jpg,Lesion Type Identification,Could you determine the histopathological classification of the lesion depicted in this image?,hyperplastic lesion,Does this image contain any finding?,Yes
2505,image_2505.jpg,Lesion Type Identification,"Based on the endoscopic visualization provided, could you identify the specific type of colorectal lesion present?",hyperplastic lesion,Does this image contain any finding?,Yes
2506,image_2506.jpg,Lesion Type Identification,"Based on the endoscopic visualization provided, could you identify the specific type of colorectal lesion depicted?",hyperplastic lesion,Does this image contain any finding?,Yes
2507,image_2507.jpg,Lesion Type Identification,What kind of colorectal abnormality is illustrated in the provided image?,hyperplastic lesion,Does this image contain any finding?,Yes
2508,image_2508.jpg,Lesion Type Identification,"Based on the endoscopic visualization provided, could you identify the specific type of colorectal lesion depicted?",hyperplastic lesion,Does this image contain any finding?,Yes
2509,image_2509.jpg,Lesion Type Identification,Could you determine the histopathological classification of the lesion depicted in this image?,hyperplastic lesion,Does this image contain any finding?,Yes
2510,image_2510.jpg,Lesion Type Identification,"Considering the provided image, can you determine the histopathological classification of the observed lesion?",hyperplastic lesion,Does this image contain any finding?,Yes
2511,image_2511.jpg,Lesion Type Identification,"Considering the provided image, can you determine the histopathological classification of the observed lesion?",hyperplastic lesion,Does this image contain any finding?,Yes
2512,image_2512.jpg,Lesion Type Identification,"Considering the provided image, can you determine the histopathological classification of the observed lesion?",hyperplastic lesion,Does this image contain any finding?,Yes
2513,image_2513.jpg,Lesion Type Identification,"Considering the provided image, can you determine the histopathological classification of the observed lesion?",hyperplastic lesion,Does this image contain any finding?,Yes
2514,image_2514.jpg,Lesion Type Identification,Could you determine the histopathological classification of the lesion depicted in this image?,hyperplastic lesion,Does this image contain any finding?,Yes
2515,image_2515.jpg,Lesion Type Identification,What kind of colorectal abnormality is illustrated in the provided image?,hyperplastic lesion,Does this image contain any finding?,Yes
2516,image_2516.jpg,Lesion Type Identification,Could you determine the histopathological classification of the lesion depicted in this image?,hyperplastic lesion,Does this image contain any finding?,Yes
2517,image_2517.jpg,Lesion Type Identification,"Considering the provided image, can you determine the histopathological classification of the observed lesion?",hyperplastic lesion,Does this image contain any finding?,Yes
2518,image_2518.jpg,Lesion Type Identification,"Based on the endoscopic visualization provided, could you identify the specific type of colorectal lesion present?",hyperplastic lesion,Does this image contain any finding?,Yes
2519,image_2519.jpg,Lesion Type Identification,"Based on the endoscopic visualization provided, could you identify the specific type of colorectal lesion present?",hyperplastic lesion,Does this image contain any finding?,Yes
2520,image_2520.jpg,Lesion Type Identification,"Based on the endoscopic visualization provided, could you identify the specific type of colorectal lesion present?",hyperplastic lesion,Does this image contain any finding?,Yes
2521,image_2521.jpg,Lesion Type Identification,"Based on the endoscopic visualization provided, could you identify the specific type of colorectal lesion present?",hyperplastic lesion,Does this image contain any finding?,Yes
2522,image_2522.jpg,Lesion Type Identification,"Based on the endoscopic visualization provided, could you identify the specific type of colorectal lesion present?",hyperplastic lesion,Does this image contain any finding?,Yes
2523,image_2523.jpg,Lesion Type Identification,What kind of colorectal abnormality is illustrated in the provided image?,hyperplastic lesion,Does this image contain any finding?,Yes
2524,image_2524.jpg,Lesion Type Identification,"Based on the endoscopic visualization, could you identify the specific type of colorectal lesion present?",hyperplastic lesion,Does this image contain any finding?,Yes
2525,image_2525.jpg,Lesion Type Identification,"Based on the endoscopic visualization, could you identify the specific type of colorectal lesion present?",hyperplastic lesion,Does this image contain any finding?,Yes
2526,image_2526.jpg,Lesion Type Identification,What specific colorectal abnormality is illustrated in the provided image?,hyperplastic lesion,Does this image contain any finding?,Yes
2527,image_2527.jpg,Lesion Type Identification,Could you determine the histopathological classification of the lesion depicted in this image?,hyperplastic lesion,Does this image contain any finding?,Yes
2528,image_2528.jpg,Lesion Type Identification,"Considering the provided image, can you determine the histopathological classification of the observed lesion?",hyperplastic lesion,Does this image contain any finding?,Yes
2529,image_2529.jpg,Lesion Type Identification,"Considering the provided image, can you determine the histopathological classification of the observed lesion?",hyperplastic lesion,Does this image contain any finding?,Yes
2530,image_2530.jpg,Lesion Type Identification,"Based on the endoscopic visualization, could you identify the specific type of colorectal lesion present?",hyperplastic lesion,Does this image contain any finding?,Yes
2531,image_2531.jpg,Lesion Type Identification,What kind of colorectal abnormality is illustrated in the provided image?,hyperplastic lesion,Does this image contain any finding?,Yes
2532,image_2532.jpg,Lesion Type Identification,"Based on the endoscopic visualization provided, could you identify the specific type of colorectal lesion depicted?",hyperplastic lesion,Does this image contain any finding?,Yes
2533,image_2533.jpg,Lesion Type Identification,What kind of colorectal abnormality is illustrated in the provided image?,hyperplastic lesion,Does this image contain any finding?,Yes
2534,image_2534.jpg,Lesion Type Identification,"Based on the endoscopic visualization provided, could you identify the specific type of colorectal lesion depicted?",hyperplastic lesion,Does this image contain any finding?,Yes
2535,image_2535.jpg,Lesion Type Identification,"Based on the endoscopic visualization provided, could you identify the specific type of colorectal lesion present?",hyperplastic lesion,Does this image contain any finding?,Yes
2536,image_2536.jpg,Lesion Type Identification,Could you determine the histopathological classification of the lesion depicted in this image?,hyperplastic lesion,Does this image contain any finding?,Yes
2537,image_2537.jpg,Lesion Type Identification,"Based on the endoscopic visualization provided, could you identify the specific type of colorectal lesion present?",hyperplastic lesion,Does this image contain any finding?,Yes
2538,image_2538.jpg,Lesion Type Identification,"Based on the endoscopic visualization provided, could you identify the specific type of colorectal lesion depicted?",hyperplastic lesion,Does this image contain any finding?,Yes
2539,image_2539.jpg,Lesion Type Identification,"Considering the provided image, can you determine the histopathological classification of the observed lesion?",hyperplastic lesion,Does this image contain any finding?,Yes
2540,image_2540.jpg,Lesion Type Identification,"Considering the provided image, can you determine the histopathological classification of the observed lesion?",hyperplastic lesion,Does this image contain any finding?,Yes
2541,image_2541.jpg,Lesion Type Identification,"Based on the endoscopic visualization, could you identify the specific type of colorectal lesion present?",hyperplastic lesion,Does this image contain any finding?,Yes
2542,image_2542.jpg,Lesion Type Identification,"Considering the provided image, can you determine the histopathological classification of the observed lesion?",hyperplastic lesion,Does this image contain any finding?,Yes
2543,image_2543.jpg,Lesion Type Identification,What kind of colorectal abnormality is illustrated in the provided image?,hyperplastic lesion,Does this image contain any finding?,Yes
2544,image_2544.jpg,Lesion Type Identification,"Based on the endoscopic visualization provided, could you identify the specific type of colorectal lesion depicted?",hyperplastic lesion,Does this image contain any finding?,Yes
2545,image_2545.jpg,Lesion Type Identification,Could you determine the histopathological classification of the lesion depicted in this image?,hyperplastic lesion,Does this image contain any finding?,Yes
2546,image_2546.jpg,Lesion Type Identification,"Considering the provided image, can you determine the histopathological classification of the observed lesion?",hyperplastic lesion,Does this image contain any finding?,Yes
2547,image_2547.jpg,Lesion Type Identification,"Considering the provided image, can you determine the histopathological classification of the observed lesion?",hyperplastic lesion,Does this image contain any finding?,Yes
2548,image_2548.jpg,Lesion Type Identification,"Based on the endoscopic visualization provided, could you identify the specific type of colorectal lesion present?",hyperplastic lesion,Does this image contain any finding?,Yes
2549,image_2549.jpg,Lesion Type Identification,What kind of colorectal abnormality is illustrated in the provided image?,hyperplastic lesion,Does this image contain any finding?,Yes
2550,image_2550.jpg,Lesion Type Identification,"Based on the endoscopic visualization provided, could you identify the specific type of colorectal lesion present?",serrated lesion,Does this image contain any finding?,Yes
2551,image_2551.jpg,Lesion Type Identification,"Considering the provided image, can you determine the histopathological classification of the observed lesion?",serrated lesion,Does this image contain any finding?,Yes
2552,image_2552.jpg,Lesion Type Identification,"Considering the provided image, can you determine the histopathological classification of the observed lesion?",serrated lesion,Does this image contain any finding?,Yes
2553,image_2553.jpg,Lesion Type Identification,"Considering the provided image, can you determine the histopathological classification of the observed lesion?",serrated lesion,Does this image contain any finding?,Yes
2554,image_2554.jpg,Lesion Type Identification,What specific form of colorectal lesion is illustrated in the provided endoscopic image?,serrated lesion,Does this image contain any finding?,Yes
2555,image_2555.jpg,Lesion Type Identification,"Based on the endoscopic visualization provided, could you identify the specific type of colorectal lesion depicted?",serrated lesion,Does this image contain any finding?,Yes
2556,image_2556.jpg,Lesion Type Identification,Could you determine the histopathological classification of the lesion depicted in this image?,serrated lesion,Does this image contain any finding?,Yes
2557,image_2557.jpg,Lesion Type Identification,What specific category of colorectal lesion is illustrated in the provided endoscopic image?,serrated lesion,Does this image contain any finding?,Yes
2558,image_2558.jpg,Lesion Type Identification,"Based on the endoscopic visualization, could you identify the specific type of colorectal lesion present?",serrated lesion,Does this image contain any finding?,Yes
2559,image_2559.jpg,Lesion Type Identification,"Based on the endoscopic visualization, could you identify the specific type of colorectal lesion present?",serrated lesion,Does this image contain any finding?,Yes
2560,image_2560.jpg,Lesion Type Identification,"Considering the provided image, can you determine the histopathological classification of the observed lesion?",serrated lesion,Does this image contain any finding?,Yes
2561,image_2561.jpg,Lesion Type Identification,Could you determine the histopathological classification of the lesion depicted in this image?,serrated lesion,Does this image contain any finding?,Yes
2562,image_2562.jpg,Lesion Type Identification,"Based on the endoscopic visualization provided, could you identify the specific type of colorectal lesion depicted?",serrated lesion,Does this image contain any finding?,Yes
2563,image_2563.jpg,Lesion Type Identification,What kind of colorectal abnormality is illustrated in the provided image?,serrated lesion,Does this image contain any finding?,Yes
2564,image_2564.jpg,Lesion Type Identification,"Based on the endoscopic visualization provided, could you identify the specific type of colorectal lesion present?",serrated lesion,Does this image contain any finding?,Yes
2565,image_2565.jpg,Lesion Type Identification,Could you determine the histopathological classification of the lesion depicted in this image?,serrated lesion,Does this image contain any finding?,Yes
2566,image_2566.jpg,Lesion Type Identification,What kind of colorectal abnormality is illustrated in the provided image?,serrated lesion,Does this image contain any finding?,Yes
2567,image_2567.jpg,Lesion Type Identification,Could you determine the histopathological classification of the lesion depicted in this image?,serrated lesion,Does this image contain any finding?,Yes
2568,image_2568.jpg,Lesion Type Identification,"Based on the endoscopic visualization provided, could you identify the specific type of colorectal lesion depicted?",serrated lesion,Does this image contain any finding?,Yes
2569,image_2569.jpg,Lesion Type Identification,"Based on the endoscopic visualization provided, could you identify the specific type of colorectal lesion present?",serrated lesion,Does this image contain any finding?,Yes
2570,image_2570.jpg,Lesion Type Identification,"Based on the endoscopic visualization provided, could you identify the specific type of colorectal lesion depicted?",serrated lesion,Does this image contain any finding?,Yes
2571,image_2571.jpg,Lesion Type Identification,"Considering the provided image, can you determine the histopathological classification of the observed lesion?",serrated lesion,Does this image contain any finding?,Yes
2572,image_2572.jpg,Lesion Type Identification,"Based on the endoscopic visualization provided, could you identify the specific type of colorectal lesion present?",serrated lesion,Does this image contain any finding?,Yes
2573,image_2573.jpg,Lesion Type Identification,What specific form of colorectal lesion is illustrated in the provided image?,serrated lesion,Does this image contain any finding?,Yes
2574,image_2574.jpg,Lesion Type Identification,"Considering the provided image, can you determine the histopathological classification of the observed lesion?",serrated lesion,Does this image contain any finding?,Yes
2575,image_2575.jpg,Lesion Type Identification,"Based on the endoscopic visualization provided, could you identify the specific type of colorectal lesion present?",serrated lesion,Does this image contain any finding?,Yes
2576,image_2576.jpg,Lesion Type Identification,"Considering the provided image, can you determine the histopathological classification of the observed lesion?",serrated lesion,Does this image contain any finding?,Yes
2577,image_2577.jpg,Lesion Type Identification,"Based on the endoscopic visualization provided, could you identify the specific type of colorectal lesion present?",serrated lesion,Does this image contain any finding?,Yes
2578,image_2578.jpg,Lesion Type Identification,What kind of colorectal abnormality is illustrated in the provided image?,serrated lesion,Does this image contain any finding?,Yes
2579,image_2579.jpg,Lesion Type Identification,"Considering the provided image, can you determine the histopathological classification of the observed lesion?",serrated lesion,Does this image contain any finding?,Yes
2580,image_2580.jpg,Lesion Type Identification,"Based on the endoscopic visualization provided, could you identify the specific type of colorectal lesion present?",serrated lesion,Does this image contain any finding?,Yes
2581,image_2581.jpg,Lesion Type Identification,"Considering the provided image, can you determine the histopathological classification of the observed lesion?",serrated lesion,Does this image contain any finding?,Yes
2582,image_2582.jpg,Lesion Type Identification,Could you determine the histopathological classification of the lesion depicted in this image?,serrated lesion,Does this image contain any finding?,Yes
2583,image_2583.jpg,Lesion Type Identification,"Considering the provided image, can you determine the histopathological classification of the observed lesion?",serrated lesion,Does this image contain any finding?,Yes
2584,image_2584.jpg,Lesion Type Identification,What kind of colorectal abnormality is illustrated in the provided image?,serrated lesion,Does this image contain any finding?,Yes
2585,image_2585.jpg,Lesion Type Identification,"Based on the endoscopic visualization provided, are you able to identify the specific type of colorectal lesion present?",serrated lesion,Does this image contain any finding?,Yes
2586,image_2586.jpg,Lesion Type Identification,Could you determine the histopathological classification of the lesion depicted in this image?,serrated lesion,Does this image contain any finding?,Yes
2587,image_2587.jpg,Lesion Type Identification,"Based on the endoscopic visualization provided, could you identify the specific type of colorectal lesion depicted?",serrated lesion,Does this image contain any finding?,Yes
2588,image_2588.jpg,Lesion Type Identification,Could you determine the histopathological classification of the lesion depicted in this image?,serrated lesion,Does this image contain any finding?,Yes
2589,image_2589.jpg,Lesion Type Identification,"Considering the provided image, can you determine the histopathological classification of the observed lesion?",serrated lesion,Does this image contain any finding?,Yes
2590,image_2590.jpg,Lesion Type Identification,What kind of colorectal abnormality is illustrated in the provided image?,serrated lesion,Does this image contain any finding?,Yes
2591,image_2591.jpg,Lesion Type Identification,Could you determine the histopathological classification of the lesion depicted in this image?,serrated lesion,Does this image contain any finding?,Yes
2592,image_2592.jpg,Lesion Type Identification,"Considering the provided image, can you determine the histopathological classification of the observed lesion?",serrated lesion,Does this image contain any finding?,Yes
2593,image_2593.jpg,Lesion Type Identification,"Based on the endoscopic visualization provided, could you identify the specific type of colorectal lesion depicted?",serrated lesion,Does this image contain any finding?,Yes
2594,image_2594.jpg,Lesion Type Identification,Could you determine the histopathological classification of the lesion depicted in this image?,serrated lesion,Does this image contain any finding?,Yes
2595,image_2595.jpg,Lesion Type Identification,"Based on the provided endoscopic image, could you identify the specific type of colorectal lesion present?",serrated lesion,Does this image contain any finding?,Yes
2596,image_2596.jpg,Lesion Type Identification,"Considering the provided image, can you determine the histopathological classification of the observed lesion?",serrated lesion,Does this image contain any finding?,Yes
2597,image_2597.jpg,Lesion Type Identification,"Based on the endoscopic visualization provided, could you identify the specific type of colorectal lesion present?",serrated lesion,Does this image contain any finding?,Yes
2598,image_2598.jpg,Lesion Type Identification,Could you determine the histopathological classification of the lesion depicted in this image?,serrated lesion,Does this image contain any finding?,Yes
2599,image_2599.jpg,Lesion Type Identification,What kind of colorectal abnormality is illustrated in the provided image?,serrated lesion,Does this image contain any finding?,Yes
2600,image_2600.jpg,Lesion Type Identification,Could you determine the histopathological classification of the lesion depicted in this image?,invasive carcinoma,Does this image contain any finding?,Yes
2601,image_2601.jpg,Lesion Type Identification,"Considering the provided image, can you determine the histopathological classification of the observed lesion?",invasive carcinoma,Does this image contain any finding?,Yes
2602,image_2602.jpg,Lesion Type Identification,"Based on the endoscopic visualization provided, could you identify the specific type of colorectal lesion present?",invasive carcinoma,Does this image contain any finding?,Yes
2603,image_2603.jpg,Lesion Type Identification,"Considering the provided image, can you determine the histopathological classification of the observed lesion?",invasive carcinoma,Does this image contain any finding?,Yes
2604,image_2604.jpg,Lesion Type Identification,"Considering the provided image, can you determine the histopathological classification of the observed lesion?",invasive carcinoma,Does this image contain any finding?,Yes
2605,image_2605.jpg,Lesion Type Identification,Could you determine the histopathological classification of the lesion depicted in this image?,invasive carcinoma,Does this image contain any finding?,Yes
2606,image_2606.jpg,Lesion Type Identification,"Based on the endoscopic visualization provided, could you identify the specific type of colorectal lesion present?",invasive carcinoma,Does this image contain any finding?,Yes
2607,image_2607.jpg,Lesion Type Identification,"Considering the provided image, can you determine the histopathological classification of the observed lesion?",invasive carcinoma,Does this image contain any finding?,Yes
2608,image_2608.jpg,Lesion Type Identification,"Based on the endoscopic visualization provided, could you identify the specific type of colorectal lesion present?",invasive carcinoma,Does this image contain any finding?,Yes
2609,image_2609.jpg,Lesion Type Identification,"Based on the endoscopic visualization provided, could you identify the specific type of colorectal lesion present?",invasive carcinoma,Does this image contain any finding?,Yes
2610,image_2610.jpg,Lesion Type Identification,"Based on the endoscopic visualization, could you identify the specific type of colorectal lesion present?",invasive carcinoma,Does this image contain any finding?,Yes
2611,image_2611.jpg,Lesion Type Identification,Could you determine the histopathological classification of the lesion depicted in this image?,invasive carcinoma,Does this image contain any finding?,Yes
2612,image_2612.jpg,Lesion Type Identification,Could you determine the histopathological classification of the lesion depicted in this image?,invasive carcinoma,Does this image contain any finding?,Yes
2613,image_2613.jpg,Lesion Type Identification,"Based on the endoscopic visualization provided, could you identify the specific type of colorectal lesion depicted?",invasive carcinoma,Does this image contain any finding?,Yes
2614,image_2614.jpg,Lesion Type Identification,"Considering the provided image, can you determine the histopathological classification of the observed lesion?",invasive carcinoma,Does this image contain any finding?,Yes
2615,image_2615.jpg,Lesion Type Identification,What kind of colorectal abnormality is illustrated in the provided image?,invasive carcinoma,Does this image contain any finding?,Yes
2616,image_2616.jpg,Lesion Type Identification,Could you determine the histopathological classification of the lesion depicted in this image?,invasive carcinoma,Does this image contain any finding?,Yes
2617,image_2617.jpg,Lesion Type Identification,"Considering the provided image, can you determine the histopathological classification of the observed lesion?",invasive carcinoma,Does this image contain any finding?,Yes
2618,image_2618.jpg,Lesion Type Identification,"Considering the provided image, can you determine the histopathological classification of the observed lesion?",invasive carcinoma,Does this image contain any finding?,Yes
2619,image_2619.jpg,Lesion Type Identification,"Based on the endoscopic visualization, could you identify the specific type of colorectal lesion present?",invasive carcinoma,Does this image contain any finding?,Yes
2620,image_2620.jpg,Lesion Type Identification,"Considering the provided image, can you determine the histopathological classification of the observed lesion?",invasive carcinoma,Does this image contain any finding?,Yes
2621,image_2621.jpg,Lesion Type Identification,"Based on the endoscopic visualization provided, could you identify the specific type of colorectal lesion present?",invasive carcinoma,Does this image contain any finding?,Yes
2622,image_2622.jpg,Lesion Type Identification,What specific category of colorectal lesion is illustrated in the provided image?,invasive carcinoma,Does this image contain any finding?,Yes
2623,image_2623.jpg,Lesion Type Identification,Could you determine the histopathological classification of the lesion depicted in this image?,invasive carcinoma,Does this image contain any finding?,Yes
2624,image_2624.jpg,Lesion Type Identification,What specific form of colorectal lesion is illustrated in the provided image?,invasive carcinoma,Does this image contain any finding?,Yes
2625,image_2625.jpg,Lesion Type Identification,What kind of colorectal abnormality is illustrated in the provided image?,invasive carcinoma,Does this image contain any finding?,Yes
2626,image_2626.jpg,Lesion Type Identification,"Considering the provided image, can you determine the histopathological classification of the observed lesion?",invasive carcinoma,Does this image contain any finding?,Yes
2627,image_2627.jpg,Lesion Type Identification,"Considering the provided image, can you determine the histopathological classification of the observed lesion?",invasive carcinoma,Does this image contain any finding?,Yes
2628,image_2628.jpg,Lesion Type Identification,Could you determine the histopathological classification of the lesion depicted in this image?,invasive carcinoma,Does this image contain any finding?,Yes
2629,image_2629.jpg,Lesion Type Identification,"Considering the provided image, can you determine the histopathological classification of the observed lesion?",invasive carcinoma,Does this image contain any finding?,Yes
2630,image_2630.jpg,Lesion Type Identification,"Considering the provided image, can you determine the histopathological classification of the observed lesion?",invasive carcinoma,Does this image contain any finding?,Yes
2631,image_2631.jpg,Lesion Type Identification,"Considering the provided image, can you determine the histopathological classification of the observed lesion?",invasive carcinoma,Does this image contain any finding?,Yes
2632,image_2632.jpg,Lesion Type Identification,Could you determine the histopathological classification of the lesion depicted in this image?,invasive carcinoma,Does this image contain any finding?,Yes
2633,image_2633.jpg,Lesion Type Identification,"Considering the provided image, can you determine the histopathological classification of the observed lesion?",invasive carcinoma,Does this image contain any finding?,Yes
2634,image_2634.jpg,Lesion Type Identification,"Based on the endoscopic visualization provided, could you identify the specific type of colorectal lesion present?",invasive carcinoma,Does this image contain any finding?,Yes
2635,image_2635.jpg,Lesion Type Identification,What specific form of colorectal lesion is illustrated in the provided image?,invasive carcinoma,Does this image contain any finding?,Yes
2636,image_2636.jpg,Lesion Type Identification,What kind of colorectal abnormality is illustrated in the provided image?,invasive carcinoma,Does this image contain any finding?,Yes
2637,image_2637.jpg,Lesion Type Identification,"Considering the provided image, can you determine the histopathological classification of the observed lesion?",invasive carcinoma,Does this image contain any finding?,Yes
2638,image_2638.jpg,Lesion Type Identification,"Considering the provided image, can you determine the histopathological classification of the observed lesion?",invasive carcinoma,Does this image contain any finding?,Yes
2639,image_2639.jpg,Lesion Type Identification,Could you determine the histopathological classification of the lesion depicted in this image?,invasive carcinoma,Does this image contain any finding?,Yes
2640,image_2640.jpg,Lesion Type Identification,What kind of colorectal abnormality is illustrated in the provided image?,invasive carcinoma,Does this image contain any finding?,Yes
2641,image_2641.jpg,Lesion Type Identification,What kind of colorectal abnormality is illustrated in the provided image?,invasive carcinoma,Does this image contain any finding?,Yes
2642,image_2642.jpg,Lesion Type Identification,Could you determine the histopathological classification of the lesion depicted in this image?,invasive carcinoma,Does this image contain any finding?,Yes
2643,image_2643.jpg,Lesion Type Identification,"Based on the endoscopic visualization provided, could you identify the specific type of colorectal lesion depicted?",invasive carcinoma,Does this image contain any finding?,Yes
2644,image_2644.jpg,Lesion Type Identification,"Considering the provided image, can you determine the histopathological classification of the observed lesion?",invasive carcinoma,Does this image contain any finding?,Yes
2645,image_2645.jpg,Lesion Type Identification,Could you determine the histopathological classification of the lesion depicted in this image?,invasive carcinoma,Does this image contain any finding?,Yes
2646,image_2646.jpg,Lesion Type Identification,"Based on the endoscopic visualization provided, could you identify the specific type of colorectal lesion present?",invasive carcinoma,Does this image contain any finding?,Yes
2647,image_2647.jpg,Lesion Type Identification,"Based on the endoscopic visualization, could you identify the specific type of colorectal lesion present?",invasive carcinoma,Does this image contain any finding?,Yes
2648,image_2648.jpg,Lesion Type Identification,What kind of colorectal abnormality is illustrated in the provided image?,invasive carcinoma,Does this image contain any finding?,Yes
2649,image_2649.jpg,Lesion Type Identification,Could you determine the histological classification of the lesion depicted in this image?,invasive carcinoma,Does this image contain any finding?,Yes